building_id,allocated_gardens,total_allocated_area,required_garden_area,sufficient_area
36886114.0,"[15971.0, 15990.0, 20368.0, 15062.0]",601.8513488770799,630.0,False
36886118.0,[15975.0],560.986358643,567.0,False
36886142.0,"[20368.0, 7604.0, 15990.0, 10942.0, 15062.0]",299.72680664088,315.0,False
36886143.0,"[15990.0, 20368.0, 7604.0, 15062.0]",258.58953094508,273.0,False
36886147.0,"[15971.0, 15990.0, 15062.0]",533.6552886963799,546.0,False
36886168.0,"[20368.0, 15990.0, 20349.0, 15062.0]",229.77019500708002,252.0,False
36886801.0,"[15990.0, 20368.0, 7604.0, 15062.0, 21307.0]",354.26040649438005,357.0,False
36886802.0,[15062.0],1.44338989258,10.5,False
36886803.0,"[15990.0, 20368.0, 7604.0, 15062.0, 5523.0]",354.26040649438005,357.0,False
36886900.0,"[17582.0, 15990.0]",94.5218658447,126.0,False
36886923.0,"[15990.0, 20368.0, 7604.0, 15062.0, 17582.0, 20722.0]",354.88882446318,357.0,False
36886924.0,"[15990.0, 20368.0, 7604.0, 17582.0, 15062.0, 20722.0]",354.88882446318,357.0,False
36886925.0,"[15990.0, 20368.0, 15062.0, 17582.0]",164.16131591798,189.0,False
36886926.0,"[20368.0, 15990.0, 20349.0, 15062.0]",229.77019500708002,252.0,False
36887797.0,"[15062.0, 21307.0, 5523.0, 20722.0, 15990.0]",243.45481109618,262.5,False
36887798.0,"[20722.0, 21307.0, 15062.0, 15990.0, 7307.0]",152.97867584229,168.0,False
36887799.0,"[15990.0, 20368.0, 15062.0, 20722.0, 10942.0]",161.44639587408,168.0,False
36887800.0,"[20720.0, 20722.0, 15062.0, 15990.0, 7307.0]",488.74466705299,504.0,False
36887801.0,"[15990.0, 20368.0, 15062.0, 20722.0]",120.30912017828001,147.0,False
36887802.0,"[15990.0, 15062.0, 20722.0]",52.11305999758,84.0,False
36887803.0,"[15062.0, 21307.0, 5523.0, 20722.0, 7307.0]",224.20343017579,241.5,False
36887804.0,"[15990.0, 20368.0, 15062.0, 20722.0, 10942.0]",161.44639587408,168.0,False
36887805.0,"[15990.0, 20368.0, 15062.0, 20349.0, 5523.0, 20722.0]",351.66461944558006,357.0,False
36887806.0,"[15990.0, 20368.0, 15062.0, 20722.0, 10942.0]",161.44639587408,168.0,False
36887807.0,"[20722.0, 8.0, 15062.0, 5523.0, 15990.0]",355.36936187788007,357.0,False
36887808.0,"[15990.0, 20368.0, 15062.0, 20722.0, 10942.0]",161.44639587408,168.0,False
36887809.0,[],0.0,0.0,True
36887810.0,"[15990.0, 15062.0, 20722.0]",52.11305999758,84.0,False
36887811.0,"[15990.0, 20368.0, 15062.0, 20349.0, 21307.0]",325.44107055638005,336.0,False
36887814.0,"[15990.0, 15062.0, 20722.0]",52.11305999758,84.0,False
36887817.0,"[20368.0, 15990.0, 15062.0, 20722.0]",120.30912017828001,126.0,False
36887818.0,"[15990.0, 15062.0, 20722.0]",52.11305999758,84.0,False
36887822.0,"[20368.0, 15990.0, 15062.0, 20722.0]",120.30912017828001,126.0,False
36887823.0,"[20722.0, 15062.0, 21307.0, 15990.0, 7307.0]",152.97867584229,168.0,False
36887828.0,"[15062.0, 7307.0]",6.63813018799,21.0,False
36887830.0,"[20368.0, 15062.0]",69.63945007328,84.0,False
36887834.0,"[15062.0, 20722.0]",27.66693878178,31.5,False
36887842.0,"[15990.0, 20368.0, 20349.0, 15062.0, 21307.0]",325.44107055638005,346.5,False
36887844.0,"[20368.0, 15062.0]",69.63945007328,84.0,False
36887848.0,"[20368.0, 15990.0, 15062.0, 20722.0, 10942.0]",161.44639587408,168.0,False
36887851.0,"[15062.0, 20722.0]",27.66693878178,31.5,False
36887853.0,"[15062.0, 7307.0]",6.63813018799,21.0,False
36887854.0,"[15975.0, 15062.0]",562.42974853558,567.0,False
36888602.0,[7262.0],9.48831939697,21.0,False
36888606.0,"[15990.0, 7262.0]",33.934440612770004,42.0,False
36888607.0,"[12707.0, 15062.0, 20722.0, 15990.0, 7307.0]",73.74565124509,84.0,False
36888611.0,[],0.0,0.0,True
36888612.0,[7262.0],9.48831939697,21.0,False
36888613.0,"[12707.0, 15062.0, 20722.0, 7307.0, 15990.0]",73.74565124509,84.0,False
36888615.0,"[4696.0, 20368.0, 15062.0]",291.27784729028,294.0,False
36888618.0,[7262.0],9.48831939697,21.0,False
36888620.0,[],0.0,0.0,True
36888624.0,[7262.0],9.48831939697,21.0,False
36888626.0,"[7604.0, 20368.0, 10942.0, 7262.0]",283.32561492946996,283.5,False
36888627.0,"[799.0, 12707.0, 15062.0]",186.15505218468002,189.0,False
36888630.0,[7262.0],9.48831939697,21.0,False
36888631.0,"[1917.0, 12707.0, 15062.0, 7307.0]",115.37624359128999,126.0,False
36888640.0,"[12707.0, 15062.0, 20722.0, 7307.0]",49.29953002929,63.0,False
36888642.0,[12707.0],16.4378509521,21.0,False
36888643.0,[12707.0],16.4378509521,21.0,False
36888644.0,"[12707.0, 7262.0, 20531.0]",65.55101013177,94.5,False
36888646.0,"[20512.0, 20513.0, 20514.0, 12707.0, 12824.0]",460.02519989079997,462.0,False
36888650.0,[],0.0,0.0,True
36888652.0,"[4961.0, 12707.0, 7262.0]",186.71234893807002,189.0,False
36888653.0,[12707.0],16.4378509521,21.0,False
36888654.0,"[20514.0, 7262.0]",136.48148345997,136.5,False
36888655.0,[12707.0],16.4378509521,21.0,False
36888656.0,"[20513.0, 12832.0, 7307.0]",146.62982940654,147.0,False
36888657.0,"[12707.0, 7262.0]",25.92617034907,31.5,False
36888660.0,[12707.0],16.4378509521,21.0,False
36888662.0,[12707.0],16.4378509521,21.0,False
36888664.0,"[4961.0, 12707.0, 7262.0]",186.71234893807002,189.0,False
36888666.0,[],0.0,0.0,True
36888667.0,[12707.0],16.4378509521,21.0,False
36888669.0,"[12707.0, 7262.0, 1917.0]",118.22643280027,126.0,False
36888671.0,[12707.0],16.4378509521,21.0,False
36888672.0,[12707.0],16.4378509521,21.0,False
36888673.0,"[20513.0, 20512.0, 20514.0, 12707.0, 12824.0, 12832.0, 12827.0, 7307.0]",474.74225616521,525.0,False
36888675.0,"[12832.0, 12827.0]",9.522315979,10.5,False
36888679.0,[12707.0],16.4378509521,21.0,False
36888680.0,"[4961.0, 12707.0, 7262.0, 20531.0]",226.33718872077003,252.0,False
36888681.0,[12707.0],16.4378509521,21.0,False
36888682.0,[12707.0],16.4378509521,21.0,False
36888683.0,"[12707.0, 7262.0]",25.92617034907,42.0,False
36888687.0,"[20514.0, 12707.0, 12832.0]",145.87139892623,147.0,False
36888688.0,"[12707.0, 7262.0]",25.92617034907,42.0,False
36888689.0,"[12707.0, 1917.0, 12824.0, 12832.0]",121.98925018313,126.0,False
36888690.0,"[4961.0, 12707.0, 7262.0, 20531.0]",226.33718872077003,252.0,False
36888691.0,"[20514.0, 12707.0, 12824.0, 12832.0, 12827.0]",163.76408386280002,168.0,False
36888692.0,[],0.0,0.0,True
36888721.0,[],0.0,0.0,True
36888746.0,"[12827.0, 12832.0]",9.522315979,10.5,False
36888747.0,[],0.0,0.0,True
36888751.0,[],0.0,0.0,True
36888754.0,[],0.0,0.0,True
36892849.0,"[20722.0, 21307.0, 15062.0, 15990.0, 7307.0]",152.97867584229,168.0,False
36892850.0,"[15990.0, 20368.0, 15062.0, 20722.0, 10942.0]",161.44639587408,168.0,False
36892851.0,"[15990.0, 15062.0, 20722.0]",52.11305999758,84.0,False
36893167.0,[],0.0,0.0,True
36893169.0,[],0.0,0.0,True
36893170.0,[],0.0,0.0,True
36893174.0,[],0.0,0.0,True
36893175.0,[],0.0,0.0,True
36893176.0,[],0.0,0.0,True
36893619.0,[],0.0,0.0,True
36893623.0,"[20368.0, 15062.0]",69.63945007328,84.0,False
36893625.0,"[15062.0, 20722.0]",27.66693878178,31.5,False
36893628.0,"[20368.0, 15062.0]",69.63945007328,84.0,False
36893631.0,"[15062.0, 7307.0]",6.63813018799,21.0,False
36893632.0,"[15062.0, 7307.0]",6.63813018799,21.0,False
36893634.0,"[15062.0, 7307.0]",6.63813018799,21.0,False
36893635.0,"[15062.0, 7307.0]",6.63813018799,21.0,False
36893636.0,"[20722.0, 15062.0, 7307.0]",32.861679077190004,42.0,False
36893639.0,"[15062.0, 7307.0]",6.63813018799,10.5,False
36893640.0,"[20368.0, 7604.0, 15062.0]",234.14340972928,252.0,False
36893642.0,"[15062.0, 7307.0]",6.63813018799,21.0,False
36893644.0,"[15062.0, 7307.0]",6.63813018799,10.5,False
36893645.0,[],0.0,0.0,True
36893646.0,"[15062.0, 7307.0]",6.63813018799,21.0,False
36893648.0,"[20368.0, 15062.0]",69.63945007328,84.0,False
36893649.0,"[20368.0, 15062.0]",69.63945007328,84.0,False
36893652.0,"[20368.0, 15062.0]",69.63945007328,84.0,False
36893653.0,"[20368.0, 15990.0, 20349.0, 15062.0, 20722.0, 10942.0]",297.13101959208,315.0,False
36893654.0,"[20368.0, 15990.0, 15062.0, 20722.0, 10942.0]",161.44639587408,189.0,False
36893655.0,"[15062.0, 7307.0]",6.63813018799,21.0,False
36893656.0,"[15062.0, 7307.0]",6.63813018799,10.5,False
36893659.0,"[15062.0, 7307.0]",6.63813018799,21.0,False
36893660.0,"[15062.0, 7307.0]",6.63813018799,21.0,False
36893661.0,[],0.0,0.0,True
36893662.0,"[15062.0, 20722.0]",27.66693878178,31.5,False
36893663.0,"[15062.0, 7307.0]",6.63813018799,21.0,False
36893665.0,"[7604.0, 15990.0]",188.9500808718,189.0,False
36893666.0,"[15062.0, 7307.0]",6.63813018799,21.0,False
36893667.0,"[15062.0, 7307.0]",6.63813018799,21.0,False
36893668.0,"[15062.0, 7307.0]",6.63813018799,21.0,False
36893669.0,"[15990.0, 15062.0, 20722.0]",52.11305999758,63.0,False
36893670.0,"[15990.0, 15062.0]",25.889511108380002,42.0,False
36893671.0,"[20349.0, 20368.0, 15990.0, 15062.0, 10942.0, 20722.0]",297.13101959208,315.0,False
36893673.0,"[15062.0, 7307.0]",6.63813018799,21.0,False
36893674.0,"[15062.0, 7307.0]",6.63813018799,21.0,False
36893675.0,"[15990.0, 15062.0]",25.889511108380002,42.0,False
36893676.0,"[15062.0, 7307.0]",6.63813018799,21.0,False
36893678.0,"[15062.0, 7307.0]",6.63813018799,21.0,False
36893679.0,"[15062.0, 7307.0]",6.63813018799,10.5,False
36893680.0,"[15990.0, 15062.0, 20722.0]",52.11305999758,63.0,False
36893681.0,[],0.0,0.0,True
36893682.0,"[20368.0, 15062.0]",69.63945007328,84.0,False
36893683.0,"[15990.0, 15062.0, 20722.0]",52.11305999758,63.0,False
36893685.0,"[15062.0, 7307.0]",6.63813018799,21.0,False
36893686.0,"[20368.0, 15062.0]",69.63945007328,84.0,False
36893689.0,"[15990.0, 15062.0]",25.889511108380002,42.0,False
36893693.0,"[20722.0, 15062.0]",27.66693878178,31.5,False
36893694.0,"[20368.0, 15990.0, 15062.0]",94.08557128908001,105.0,False
36893695.0,[],0.0,0.0,True
36893696.0,"[20722.0, 15062.0]",27.66693878178,31.5,False
36893697.0,"[20368.0, 15062.0]",69.63945007328,84.0,False
36893698.0,"[15990.0, 15062.0]",25.889511108380002,42.0,False
36893700.0,[15062.0],1.44338989258,10.5,False
36893702.0,[],0.0,0.0,True
36893705.0,"[15062.0, 7307.0]",6.63813018799,10.5,False
36893707.0,[],0.0,0.0,True
36893709.0,"[15062.0, 7307.0]",6.63813018799,10.5,False
36893711.0,"[15990.0, 15062.0]",25.889511108380002,42.0,False
36893713.0,"[15062.0, 7307.0]",6.63813018799,10.5,False
36893714.0,"[20368.0, 15062.0]",69.63945007328,84.0,False
36893715.0,"[20349.0, 7604.0, 20368.0, 15062.0]",369.82803344728,378.0,False
36893717.0,"[15062.0, 15990.0, 7307.0]",31.084251403790002,42.0,False
36893718.0,"[20368.0, 15062.0]",69.63945007328,84.0,False
36893721.0,[],0.0,0.0,True
36893723.0,[],0.0,0.0,True
36893724.0,"[20349.0, 20355.0, 7604.0, 20368.0, 15990.0, 15062.0, 10942.0, 20722.0]",854.2436676020798,861.0,False
36893725.0,"[15990.0, 15062.0, 7307.0]",31.084251403790002,42.0,False
36893726.0,[],0.0,0.0,True
36893730.0,[],0.0,0.0,True
36893731.0,"[15062.0, 12707.0]",17.88124084468,21.0,False
36893732.0,"[15062.0, 7307.0]",6.63813018799,10.5,False
36893734.0,"[15990.0, 15062.0]",25.889511108380002,42.0,False
36893736.0,"[15990.0, 15062.0]",25.889511108380002,42.0,False
36893738.0,"[15062.0, 20722.0]",27.66693878178,31.5,False
36893741.0,"[15062.0, 12707.0]",17.88124084468,21.0,False
36893744.0,"[15062.0, 7307.0]",6.63813018799,10.5,False
36893745.0,"[15062.0, 12707.0]",17.88124084468,21.0,False
36893746.0,"[15062.0, 7307.0]",6.63813018799,21.0,False
36893747.0,"[15062.0, 12707.0]",17.88124084468,21.0,False
36893749.0,"[15062.0, 12707.0]",17.88124084468,21.0,False
36893750.0,"[15990.0, 15062.0]",25.889511108380002,42.0,False
36893751.0,"[15062.0, 12707.0, 7307.0]",23.07598114009,42.0,False
36893754.0,[],0.0,0.0,True
36893755.0,"[20349.0, 4696.0, 7604.0, 20368.0, 15062.0, 12707.0]",607.90428161638,609.0,False
36893756.0,[],0.0,0.0,True
36893758.0,"[12707.0, 15062.0, 7307.0]",23.07598114009,42.0,False
36893760.0,"[15062.0, 12707.0]",17.88124084468,21.0,False
36893761.0,"[15062.0, 12707.0, 7307.0]",23.07598114009,42.0,False
36893763.0,"[15062.0, 12707.0, 7307.0]",23.07598114009,42.0,False
36893764.0,"[15990.0, 15062.0]",25.889511108380002,42.0,False
36893765.0,"[12707.0, 15062.0, 7307.0]",23.07598114009,31.5,False
36893767.0,[],0.0,0.0,True
36893771.0,"[15990.0, 15062.0]",25.889511108380002,31.5,False
36893775.0,"[20349.0, 20368.0, 15990.0, 10942.0, 15062.0, 7262.0]",280.39579009985,294.0,False
36893778.0,[],0.0,0.0,True
36893781.0,"[15062.0, 12707.0]",17.88124084468,21.0,False
36893782.0,"[12707.0, 15062.0]",17.88124084468,21.0,False
36893783.0,[],0.0,0.0,True
36893785.0,"[15062.0, 12707.0]",17.88124084468,21.0,False
36893788.0,"[12707.0, 15062.0]",17.88124084468,21.0,False
36893789.0,"[12707.0, 15062.0, 7307.0]",23.07598114009,31.5,False
36893790.0,"[12707.0, 20722.0, 15062.0, 7307.0]",49.29953002929,63.0,False
36893791.0,"[12707.0, 15062.0, 7307.0]",23.07598114009,42.0,False
36893792.0,"[12707.0, 15062.0, 7307.0]",23.07598114009,31.5,False
36893797.0,"[12707.0, 15062.0, 7307.0]",23.07598114009,42.0,False
36893798.0,"[20349.0, 20368.0, 15990.0, 10942.0, 15062.0, 7262.0]",280.39579009985,294.0,False
36893799.0,"[12707.0, 15062.0, 7307.0]",23.07598114009,42.0,False
36893801.0,"[12707.0, 15990.0]",40.8839721679,42.0,False
36893803.0,"[12707.0, 15062.0, 7307.0]",23.07598114009,42.0,False
36893804.0,"[7604.0, 20349.0, 7262.0]",309.67690277097,315.0,False
36893805.0,"[12707.0, 15062.0, 7307.0]",23.07598114009,42.0,False
36893806.0,"[20368.0, 15062.0, 7307.0]",74.83419036869,84.0,False
36893807.0,"[12707.0, 15062.0]",17.88124084468,21.0,False
36893869.0,"[12707.0, 7307.0, 12824.0, 12832.0, 12827.0, 15062.0]",43.40904998779,63.0,False
36893871.0,"[14480.0, 12707.0]",303.4473190311,336.0,False
36893879.0,"[12707.0, 7307.0, 12824.0, 12832.0, 12827.0]",41.96566009521,42.0,False
36893883.0,"[20513.0, 20514.0, 12707.0, 12824.0, 12832.0, 12827.0, 7307.0]",307.95352935821,315.0,False
36893885.0,[12707.0],16.4378509521,21.0,False
36893886.0,[12707.0],16.4378509521,21.0,False
36893889.0,"[12712.0, 12707.0, 12683.0, 12698.0, 12832.0]",670.07714843793,672.0,False
36893891.0,[],0.0,0.0,True
36893892.0,"[20512.0, 20513.0, 20514.0, 12707.0, 12824.0, 12832.0, 12827.0, 7307.0]",474.74225616521,525.0,False
36893894.0,[12707.0],16.4378509521,21.0,False
36893895.0,"[20513.0, 12832.0, 7307.0]",146.62982940654,147.0,False
36893896.0,[12707.0],16.4378509521,21.0,False
36893897.0,"[12707.0, 7262.0, 1917.0]",118.22643280027,126.0,False
36893899.0,[12707.0],16.4378509521,21.0,False
36893901.0,"[12707.0, 12698.0, 12824.0, 12832.0, 12827.0, 7307.0]",118.39302062991001,126.0,False
36893902.0,[],0.0,0.0,True
36893903.0,"[12692.0, 12683.0, 12707.0, 12698.0, 12824.0]",627.6506805425,630.0,False
36893904.0,"[12707.0, 7262.0]",25.92617034907,42.0,False
36893905.0,"[12707.0, 12698.0, 12824.0]",103.67596435550001,105.0,False
36893907.0,[12707.0],16.4378509521,21.0,False
36893910.0,[7262.0],9.48831939697,10.5,False
36893911.0,"[12707.0, 12832.0]",18.87823486323,21.0,False
36893912.0,[12707.0],16.4378509521,21.0,False
36893913.0,"[12832.0, 12827.0]",9.522315979,10.5,False
36893914.0,"[7262.0, 20531.0]",49.11315917967,84.0,False
36894489.0,[],0.0,0.0,True
36894490.0,[],0.0,0.0,True
36894491.0,"[21307.0, 5523.0, 15062.0, 20722.0, 15990.0]",243.45481109618,294.0,False
36894492.0,"[15990.0, 20368.0, 20349.0, 15062.0, 5523.0, 20722.0]",351.66461944558006,357.0,False
36894493.0,"[15990.0, 20368.0, 15062.0, 20349.0, 5523.0, 20722.0]",351.66461944558006,357.0,False
36894494.0,[],0.0,0.0,True
36894495.0,"[15990.0, 20368.0, 15062.0, 20722.0]",120.30912017828001,147.0,False
36894496.0,"[15990.0, 15062.0, 20722.0]",52.11305999758,84.0,False
36894497.0,"[5523.0, 20722.0, 15062.0, 15990.0, 7307.0]",152.97867584229,168.0,False
36894498.0,"[15990.0, 20368.0, 15062.0, 21307.0, 5523.0, 20722.0]",311.65087127688,357.0,False
36894499.0,"[15990.0, 20368.0, 15062.0, 20722.0]",120.30912017828001,147.0,False
36894500.0,"[15062.0, 7307.0]",6.63813018799,21.0,False
36894501.0,"[15062.0, 12707.0]",17.88124084468,21.0,False
36894503.0,"[15062.0, 7307.0]",6.63813018799,21.0,False
36894504.0,"[20368.0, 15990.0, 20349.0, 15062.0, 21307.0, 20722.0]",351.66461944558006,367.5,False
36894505.0,"[15062.0, 7307.0]",6.63813018799,21.0,False
36894506.0,"[15062.0, 7307.0]",6.63813018799,21.0,False
36894507.0,"[15062.0, 7307.0]",6.63813018799,10.5,False
36894508.0,[],0.0,0.0,True
36894509.0,[],0.0,0.0,True
36894510.0,"[15062.0, 7307.0]",6.63813018799,21.0,False
36894512.0,"[15062.0, 7307.0]",6.63813018799,21.0,False
36894513.0,"[15062.0, 7307.0]",6.63813018799,21.0,False
36894514.0,"[20368.0, 20349.0, 15990.0, 15062.0]",229.77019500708,252.0,False
36894515.0,"[20368.0, 15990.0, 20349.0, 15062.0]",229.77019500708002,252.0,False
36894516.0,"[15062.0, 7307.0]",6.63813018799,21.0,False
36894517.0,"[7604.0, 15062.0]",165.94734954858,168.0,False
36894518.0,"[15062.0, 12707.0]",17.88124084468,21.0,False
36894519.0,"[20355.0, 15975.0, 20349.0, 20368.0, 15990.0, 15062.0]",1183.36524200408,1197.0,False
36894520.0,"[15062.0, 12707.0]",17.88124084468,21.0,False
36894521.0,"[15062.0, 7307.0]",6.63813018799,21.0,False
36894522.0,"[15062.0, 7307.0]",6.63813018799,21.0,False
36894524.0,"[15062.0, 20722.0, 7307.0]",32.861679077190004,42.0,False
36894525.0,"[7604.0, 15990.0]",188.9500808718,189.0,False
36894526.0,[],0.0,0.0,True
36894527.0,"[15062.0, 20722.0]",27.66693878178,31.5,False
36894528.0,"[20368.0, 15990.0, 15062.0, 20722.0]",120.30912017828001,126.0,False
36894529.0,"[15062.0, 20722.0]",27.66693878178,31.5,False
36894531.0,"[15062.0, 12707.0]",17.88124084468,21.0,False
36894532.0,"[15062.0, 20722.0, 7307.0]",32.861679077190004,42.0,False
36894533.0,"[7604.0, 20368.0, 15062.0]",234.14340972928,252.0,False
36894534.0,"[15990.0, 15062.0, 20722.0]",52.11305999758,63.0,False
36894535.0,"[15990.0, 15062.0, 20722.0]",52.11305999758,63.0,False
36894536.0,"[20368.0, 15062.0]",69.63945007328,84.0,False
36894537.0,"[15062.0, 7307.0]",6.63813018799,21.0,False
36894538.0,"[15062.0, 7307.0]",6.63813018799,21.0,False
36894539.0,"[15990.0, 15062.0]",25.889511108380002,42.0,False
36894541.0,"[7604.0, 15062.0]",165.94734954858,168.0,False
36894543.0,"[15990.0, 15062.0]",25.889511108380002,42.0,False
36894544.0,"[15990.0, 15062.0, 20722.0]",52.11305999758,63.0,False
36894545.0,[],0.0,0.0,True
36894546.0,"[15062.0, 7307.0]",6.63813018799,21.0,False
36894548.0,"[20349.0, 15990.0, 15062.0, 20722.0]",187.79768371558,189.0,False
36894550.0,[15062.0],1.44338989258,10.5,False
36894551.0,[],0.0,0.0,True
36894554.0,"[15990.0, 15062.0]",25.889511108380002,42.0,False
36894556.0,"[20368.0, 15062.0]",69.63945007328,73.5,False
36894558.0,[],0.0,0.0,True
36894559.0,[],0.0,0.0,True
36894566.0,"[20349.0, 20368.0, 15990.0, 15062.0, 12707.0]",246.20804595918,252.0,False
36894568.0,"[15062.0, 12707.0]",17.88124084468,21.0,False
36894569.0,[],0.0,0.0,True
36894572.0,"[20349.0, 8434.0, 20355.0, 20368.0, 15990.0, 10942.0, 15062.0]",1489.8187637318802,1512.0,False
36894573.0,"[20349.0, 15990.0, 15062.0, 20722.0]",187.79768371558,189.0,False
36894574.0,"[20368.0, 15062.0]",69.63945007328,73.5,False
36894575.0,"[15062.0, 7307.0]",6.63813018799,10.5,False
36894576.0,"[15990.0, 15062.0]",25.889511108380002,42.0,False
36894579.0,"[20368.0, 15062.0]",69.63945007328,84.0,False
36894580.0,"[15062.0, 7307.0]",6.63813018799,10.5,False
36894585.0,"[15062.0, 7307.0]",6.63813018799,10.5,False
36894586.0,"[20349.0, 20368.0, 15990.0, 15062.0, 12707.0]",246.20804595918,252.0,False
36894587.0,"[15062.0, 12707.0]",17.88124084468,21.0,False
36894588.0,"[15062.0, 12707.0]",17.88124084468,21.0,False
36894589.0,"[15990.0, 15062.0]",25.889511108380002,42.0,False
36894592.0,"[15062.0, 12707.0]",17.88124084468,21.0,False
36894594.0,"[15062.0, 7307.0]",6.63813018799,10.5,False
36894597.0,"[15062.0, 12707.0]",17.88124084468,21.0,False
36894598.0,"[15062.0, 12707.0]",17.88124084468,21.0,False
36894601.0,"[20349.0, 15990.0, 15062.0, 12707.0]",178.01198577848,189.0,False
36894603.0,"[20368.0, 15062.0]",69.63945007328,84.0,False
36894605.0,"[15062.0, 12707.0]",17.88124084468,21.0,False
36894608.0,"[20349.0, 15990.0, 15062.0, 12707.0]",178.01198577848,189.0,False
36894610.0,"[15062.0, 12707.0]",17.88124084468,21.0,False
36894611.0,"[15062.0, 15990.0, 7307.0]",31.084251403790002,42.0,False
36894612.0,"[20349.0, 20355.0, 15990.0, 15062.0, 12707.0]",570.6206741324798,588.0,False
36894615.0,"[15062.0, 12707.0]",17.88124084468,21.0,False
36894617.0,"[15062.0, 12707.0]",17.88124084468,21.0,False
36894618.0,"[10942.0, 7262.0]",50.62559509277,52.5,False
36894619.0,"[15062.0, 12707.0]",17.88124084468,21.0,False
36894622.0,"[15062.0, 12707.0]",17.88124084468,21.0,False
36894623.0,"[15062.0, 20722.0, 7307.0]",32.861679077190004,42.0,False
36894626.0,"[15990.0, 15062.0]",25.889511108380002,42.0,False
36894627.0,"[15062.0, 12707.0]",17.88124084468,21.0,False
36894629.0,"[15062.0, 12707.0]",17.88124084468,21.0,False
36894630.0,"[15062.0, 12707.0]",17.88124084468,21.0,False
36894634.0,"[15062.0, 12707.0, 7307.0]",23.07598114009,42.0,False
36894637.0,"[12707.0, 15062.0]",17.88124084468,21.0,False
36894640.0,"[1917.0, 12707.0, 15062.0, 7307.0]",115.37624359128999,126.0,False
36894641.0,[7262.0],9.48831939697,21.0,False
36894642.0,[7262.0],9.48831939697,21.0,False
36894643.0,"[4696.0, 20368.0, 15990.0, 7262.0]",323.76889801047,336.0,False
36894648.0,"[12707.0, 15062.0]",17.88124084468,21.0,False
36894654.0,[7262.0],9.48831939697,21.0,False
36894655.0,"[799.0, 12707.0, 15062.0]",186.15505218468002,189.0,False
36894656.0,"[15990.0, 7262.0]",33.934440612770004,42.0,False
36894661.0,"[1917.0, 12707.0, 15062.0]",110.18150329587999,126.0,False
36894662.0,"[12707.0, 15062.0, 7307.0]",23.07598114009,42.0,False
36894665.0,[7262.0],9.48831939697,10.5,False
36894669.0,"[12707.0, 7307.0, 15062.0]",23.07598114009,42.0,False
36894675.0,"[1917.0, 12707.0, 15062.0]",110.18150329587999,126.0,False
36894677.0,[7262.0],9.48831939697,21.0,False
36894680.0,[7262.0],9.48831939697,21.0,False
36894681.0,"[12707.0, 7307.0, 15062.0]",23.07598114009,42.0,False
36894686.0,"[12707.0, 15062.0]",17.88124084468,21.0,False
36894688.0,"[12707.0, 15062.0]",17.88124084468,21.0,False
36894692.0,"[12707.0, 15062.0]",17.88124084468,21.0,False
36894695.0,[7262.0],9.48831939697,21.0,False
36894698.0,"[1917.0, 12707.0, 15062.0, 7307.0]",115.37624359128999,126.0,False
36894700.0,[],0.0,0.0,True
36894702.0,"[15062.0, 7307.0]",6.63813018799,10.5,False
36894703.0,[7262.0],9.48831939697,10.5,False
36894704.0,"[12707.0, 15062.0]",17.88124084468,21.0,False
36894705.0,[7262.0],9.48831939697,21.0,False
36894708.0,"[12707.0, 15062.0]",17.88124084468,21.0,False
36894711.0,"[12707.0, 15062.0]",17.88124084468,21.0,False
36894712.0,"[12707.0, 15062.0]",17.88124084468,21.0,False
36894717.0,[7262.0],9.48831939697,21.0,False
36894720.0,"[12707.0, 7307.0, 15062.0]",23.07598114009,31.5,False
36894721.0,[],0.0,0.0,True
36894722.0,"[12707.0, 7307.0, 15062.0]",23.07598114009,42.0,False
36894723.0,[12707.0],16.4378509521,21.0,False
36894726.0,[7262.0],9.48831939697,21.0,False
36894728.0,"[12707.0, 15062.0]",17.88124084468,21.0,False
36894730.0,"[12707.0, 15062.0]",17.88124084468,21.0,False
36894731.0,[7262.0],9.48831939697,21.0,False
36894736.0,"[12707.0, 15062.0]",17.88124084468,21.0,False
36894738.0,[7262.0],9.48831939697,21.0,False
36894743.0,[],0.0,0.0,True
36894746.0,[12707.0],16.4378509521,21.0,False
36894750.0,[12707.0],16.4378509521,21.0,False
36894751.0,"[12707.0, 7307.0, 15062.0, 12824.0, 12832.0]",36.32711791992,42.0,False
36894757.0,"[12707.0, 7307.0, 12824.0, 12832.0, 12827.0, 15062.0]",43.40904998779,63.0,False
36894759.0,"[20512.0, 12707.0, 15062.0]",184.66996765168,189.0,False
36894763.0,[12707.0],16.4378509521,21.0,False
36894766.0,[],0.0,0.0,True
36894768.0,"[12707.0, 7307.0, 12824.0, 12832.0, 15062.0]",36.32711791992,42.0,False
36894769.0,"[20512.0, 12707.0, 15062.0]",184.66996765168,189.0,False
36894770.0,"[12707.0, 7307.0, 12824.0, 12832.0, 12827.0, 15062.0]",43.40904998779,52.5,False
36894775.0,[12707.0],16.4378509521,21.0,False
36894778.0,"[7307.0, 12832.0, 15062.0]",9.07851409912,10.5,False
36894781.0,[12707.0],16.4378509521,21.0,False
36894783.0,"[12707.0, 7307.0, 12824.0]",32.44334411621,63.0,False
36894784.0,"[12707.0, 7307.0, 12824.0, 12832.0, 12827.0]",41.96566009521,42.0,False
36894785.0,[],0.0,0.0,True
36894789.0,"[4961.0, 9023.0, 12707.0, 7262.0, 20531.0]",370.19953918477,378.0,False
36894795.0,[12707.0],16.4378509521,21.0,False
36894797.0,[12707.0],16.4378509521,21.0,False
36894800.0,[12707.0],16.4378509521,21.0,False
36894802.0,"[12707.0, 7262.0]",25.92617034907,42.0,False
36894803.0,"[12707.0, 7262.0]",25.92617034907,42.0,False
36894804.0,"[12707.0, 20512.0, 7307.0, 12824.0, 12832.0, 12827.0]",208.75438690221,220.5,False
36894805.0,"[12707.0, 20512.0, 7307.0, 12824.0, 12832.0, 12827.0]",208.75438690221,252.0,False
36894806.0,[12707.0],16.4378509521,21.0,False
36894808.0,[12707.0],16.4378509521,21.0,False
36894809.0,[],0.0,0.0,True
36894810.0,"[12707.0, 7262.0]",25.92617034907,31.5,False
36894812.0,[12707.0],16.4378509521,21.0,False
36894813.0,[12707.0],16.4378509521,21.0,False
36894816.0,[12707.0],16.4378509521,21.0,False
36894818.0,"[12707.0, 7262.0]",25.92617034907,42.0,False
36894822.0,"[4961.0, 12707.0, 7262.0]",186.71234893807002,189.0,False
36894823.0,[12707.0],16.4378509521,21.0,False
36894824.0,"[12707.0, 12832.0]",18.87823486323,21.0,False
36894825.0,"[12707.0, 7262.0, 1917.0]",118.22643280027,126.0,False
36894827.0,[12707.0],16.4378509521,21.0,False
36894830.0,[],0.0,0.0,True
36894832.0,"[20514.0, 20513.0, 12707.0, 12824.0, 12832.0, 12827.0]",302.7587890628,346.5,False
36894834.0,"[12832.0, 12827.0]",9.522315979,10.5,False
36894835.0,"[12707.0, 7262.0]",25.92617034907,42.0,False
36894836.0,"[4961.0, 12707.0, 7262.0, 20531.0]",226.33718872077003,252.0,False
36894840.0,[],0.0,0.0,True
36894842.0,"[12832.0, 12827.0]",9.522315979,10.5,False
36894844.0,"[12707.0, 7262.0]",25.92617034907,42.0,False
36894845.0,"[12707.0, 7262.0]",25.92617034907,42.0,False
36894846.0,[12707.0],16.4378509521,21.0,False
36894849.0,"[12832.0, 12827.0]",9.522315979,10.5,False
36894852.0,"[12707.0, 7262.0]",25.92617034907,42.0,False
36894853.0,"[12707.0, 7262.0]",25.92617034907,42.0,False
36894857.0,[12707.0],16.4378509521,21.0,False
36894858.0,"[12832.0, 12827.0]",9.522315979,10.5,False
36894860.0,"[12707.0, 7262.0]",25.92617034907,42.0,False
36894861.0,[12707.0],16.4378509521,21.0,False
36894862.0,"[12707.0, 7262.0]",25.92617034907,42.0,False
36894863.0,"[12707.0, 7262.0]",25.92617034907,42.0,False
36894866.0,"[12707.0, 12824.0, 12832.0, 12827.0]",36.7709197998,63.0,False
36894867.0,"[12832.0, 12827.0]",9.522315979,10.5,False
36894871.0,[12707.0],16.4378509521,21.0,False
36894872.0,[12707.0],16.4378509521,21.0,False
36894873.0,"[12707.0, 7262.0]",25.92617034907,42.0,False
36894876.0,"[12832.0, 12827.0]",9.522315979,10.5,False
36894878.0,"[12707.0, 12832.0]",18.87823486323,21.0,False
36894879.0,[12707.0],16.4378509521,21.0,False
36894880.0,"[12707.0, 7262.0]",25.92617034907,42.0,False
36894882.0,"[12832.0, 12827.0]",9.522315979,10.5,False
36894883.0,"[12707.0, 7262.0]",25.92617034907,52.5,False
36894886.0,[12707.0],16.4378509521,21.0,False
36894887.0,[12707.0],16.4378509521,21.0,False
36894888.0,[7262.0],9.48831939697,10.5,False
36894893.0,"[7262.0, 9023.0]",153.35066986097002,189.0,False
36894940.0,[],0.0,0.0,True
36894970.0,"[15062.0, 7307.0]",6.63813018799,21.0,False
36894975.0,"[20722.0, 15062.0, 7307.0]",32.861679077190004,42.0,False
36894978.0,[],0.0,0.0,True
36894979.0,"[15062.0, 7307.0]",6.63813018799,21.0,False
36894981.0,"[12906.0, 7305.0, 7307.0, 15062.0]",242.84793090788997,252.0,False
36894984.0,"[17195.0, 12906.0, 7307.0, 20722.0, 15062.0]",293.56970977719,294.0,False
36894989.0,"[17195.0, 5709.0, 7305.0, 12906.0, 7307.0, 15062.0, 12707.0]",607.1574935909899,609.0,False
36895005.0,[],0.0,0.0,True
36895008.0,"[17195.0, 7305.0, 5709.0, 7307.0, 20722.0, 15062.0, 12707.0]",496.63648986819,504.0,False
36895010.0,"[21307.0, 20722.0, 15062.0, 15990.0, 7307.0]",152.97867584229,168.0,False
36895011.0,"[15062.0, 21307.0, 5523.0, 20722.0, 15990.0]",243.45481109618,262.5,False
36895014.0,"[20722.0, 15062.0, 21307.0, 15990.0, 7307.0]",152.97867584229,168.0,False
36895016.0,"[15990.0, 20368.0, 15062.0, 20722.0]",120.30912017828001,126.0,False
36895020.0,"[20368.0, 15062.0]",69.63945007328,84.0,False
36895023.0,"[15062.0, 7307.0]",6.63813018799,21.0,False
36895024.0,"[15990.0, 20368.0, 20349.0, 15062.0, 21307.0]",325.44107055638005,336.0,False
36895027.0,"[20368.0, 15990.0, 20349.0, 15062.0, 10942.0]",270.90747070288,294.0,False
36895028.0,"[7604.0, 15990.0]",188.9500808718,189.0,False
36895031.0,"[15062.0, 7307.0]",6.63813018799,21.0,False
36895033.0,"[15062.0, 7307.0]",6.63813018799,21.0,False
36895034.0,"[20368.0, 15990.0, 20349.0, 15062.0, 21307.0]",325.44107055638005,336.0,False
36895035.0,"[20722.0, 15062.0, 7307.0]",32.861679077190004,42.0,False
36895038.0,"[20368.0, 20349.0, 15990.0, 15062.0, 10942.0, 20722.0]",297.13101959208,315.0,False
36895062.0,"[4961.0, 12707.0, 7262.0]",186.71234893807002,189.0,False
36895063.0,"[12707.0, 7307.0, 15062.0]",23.07598114009,84.0,False
36895065.0,[],0.0,0.0,True
36895066.0,"[12707.0, 7307.0, 12824.0, 12832.0, 12827.0]",41.96566009521,42.0,False
36895068.0,[12707.0],16.4378509521,21.0,False
36895069.0,"[12707.0, 7307.0]",21.63259124751,63.0,False
36895072.0,"[12707.0, 7262.0]",25.92617034907,42.0,False
36895076.0,[12707.0],16.4378509521,21.0,False
36895077.0,[],0.0,0.0,True
36895078.0,"[4961.0, 9023.0, 7262.0]",314.13684844997,315.0,False
36895079.0,"[20514.0, 20513.0, 12707.0, 12824.0, 12832.0, 12827.0, 7307.0]",307.95352935821,315.0,False
36895080.0,[12707.0],16.4378509521,21.0,False
36895081.0,[12707.0],16.4378509521,21.0,False
36895085.0,"[12832.0, 12827.0]",9.522315979,10.5,False
36895086.0,[12707.0],16.4378509521,21.0,False
36895087.0,[7262.0],9.48831939697,10.5,False
36895091.0,[],0.0,10.5,False
36895092.0,[7262.0],9.48831939697,21.0,False
36895093.0,"[12707.0, 12824.0, 12832.0]",29.68898773193,31.5,False
36895095.0,[7262.0],9.48831939697,10.5,False
36895097.0,"[12707.0, 12824.0, 12832.0, 12827.0, 7307.0]",41.96566009521,42.0,False
36895435.0,"[12707.0, 15062.0, 7307.0]",23.07598114009,42.0,False
36895436.0,"[12707.0, 15062.0]",17.88124084468,21.0,False
36895437.0,"[4695.0, 4696.0, 20349.0, 15990.0, 15062.0, 12707.0]",1829.4606933554799,1837.5,False
36895438.0,"[20368.0, 15062.0]",69.63945007328,84.0,False
36895439.0,"[12707.0, 15062.0, 7307.0]",23.07598114009,42.0,False
36895441.0,[],0.0,0.0,True
36895442.0,"[12707.0, 15062.0, 20722.0, 7307.0]",49.29953002929,52.5,False
36895443.0,"[12707.0, 15062.0, 7307.0]",23.07598114009,42.0,False
36895445.0,"[15990.0, 12707.0]",40.8839721679,42.0,False
36895448.0,"[12707.0, 15062.0, 7307.0]",23.07598114009,42.0,False
36895451.0,"[12707.0, 15062.0, 7307.0]",23.07598114009,42.0,False
36895452.0,"[20569.0, 7604.0, 20349.0, 4696.0, 7262.0]",1222.71179199197,1228.5,False
36895453.0,"[12707.0, 15062.0, 7307.0]",23.07598114009,42.0,False
36895454.0,[],0.0,0.0,True
36895458.0,"[12707.0, 15062.0, 7307.0]",23.07598114009,42.0,False
36895459.0,"[12707.0, 15062.0, 7307.0]",23.07598114009,42.0,False
36895462.0,[7262.0],9.48831939697,21.0,False
36895464.0,"[4696.0, 20368.0, 15062.0]",291.27784729028,294.0,False
36895465.0,"[12707.0, 15062.0, 7307.0]",23.07598114009,42.0,False
36895467.0,"[12707.0, 15990.0, 15062.0, 20722.0, 7307.0]",73.74565124509,84.0,False
36895469.0,"[12707.0, 15990.0, 15062.0]",42.32736206048,52.5,False
36895471.0,"[12707.0, 15062.0, 15990.0, 7307.0]",47.52210235589,63.0,False
36895472.0,"[12707.0, 15062.0, 7307.0]",23.07598114009,42.0,False
36895473.0,"[12707.0, 15062.0, 20722.0, 15990.0, 7307.0]",73.74565124509,84.0,False
36895474.0,"[12707.0, 15062.0, 7307.0]",23.07598114009,42.0,False
36895478.0,[],0.0,0.0,True
36895482.0,"[12707.0, 12707.0, 15062.0, 15062.0, 15062.0, 15062.0]",38.64926147452,42.0,False
36895485.0,"[12707.0, 12707.0, 7307.0, 15062.0, 15062.0]",40.95722198477,42.0,False
36895487.0,"[799.0, 12707.0, 15062.0, 15990.0, 20722.0, 7307.0]",242.01946258509003,252.0,False
36895489.0,[7262.0],9.48831939697,21.0,False
36895490.0,"[799.0, 12707.0, 15062.0, 15062.0]",187.59844207726002,189.0,False
36895492.0,[],0.0,0.0,True
36895494.0,"[12707.0, 15062.0]",17.88124084468,21.0,False
36895497.0,[7262.0],9.48831939697,21.0,False
36895498.0,[15062.0],1.44338989258,10.5,False
36895499.0,[7262.0],9.48831939697,21.0,False
36895500.0,"[1917.0, 12707.0, 15062.0, 7307.0]",115.37624359128999,126.0,False
36895506.0,[7262.0],9.48831939697,21.0,False
36895509.0,"[12707.0, 7307.0, 15062.0]",23.07598114009,42.0,False
36895512.0,"[12707.0, 15062.0, 15990.0, 7307.0]",47.52210235589,63.0,False
36895513.0,[7262.0],9.48831939697,21.0,False
36895514.0,"[12707.0, 7307.0, 15062.0]",23.07598114009,42.0,False
36895515.0,"[1917.0, 12707.0, 15062.0, 7307.0]",115.37624359128999,126.0,False
36895521.0,[12707.0],16.4378509521,21.0,False
36895526.0,"[12707.0, 15062.0]",17.88124084468,21.0,False
36895527.0,"[12707.0, 15062.0]",17.88124084468,21.0,False
36895528.0,[7262.0],9.48831939697,10.5,False
36895531.0,"[12707.0, 7307.0, 15062.0]",23.07598114009,42.0,False
36895532.0,"[12707.0, 15062.0]",17.88124084468,21.0,False
36895536.0,"[1917.0, 12707.0, 20512.0, 12698.0, 15062.0, 12832.0]",355.83797454871,357.0,False
36895537.0,[12707.0],16.4378509521,21.0,False
36895540.0,"[12707.0, 15062.0]",17.88124084468,21.0,False
36895542.0,"[1917.0, 12707.0, 12698.0, 15062.0]",186.60886383058,189.0,False
36895544.0,"[12707.0, 15062.0]",17.88124084468,21.0,False
36895547.0,"[1917.0, 12707.0, 12340.0, 7307.0, 15062.0, 12832.0]",415.93083953842,420.0,False
36895549.0,[12707.0],16.4378509521,21.0,False
36895552.0,[12707.0],16.4378509521,21.0,False
36895553.0,"[12707.0, 7307.0, 15062.0]",23.07598114009,42.0,False
36895554.0,[7262.0],9.48831939697,21.0,False
36895556.0,"[12707.0, 15062.0]",17.88124084468,21.0,False
36895558.0,"[1917.0, 12707.0, 12698.0, 15062.0]",186.60886383058,189.0,False
36895559.0,[12707.0],16.4378509521,21.0,False
36895565.0,[12707.0],16.4378509521,21.0,False
36895566.0,[7262.0],9.48831939697,10.5,False
36895567.0,[],0.0,0.0,True
36895569.0,"[12707.0, 7307.0]",21.63259124751,42.0,False
36895571.0,"[20512.0, 12707.0]",183.2265777591,189.0,False
36895573.0,[12707.0],16.4378509521,21.0,False
36895574.0,[12707.0],16.4378509521,21.0,False
36895575.0,"[12707.0, 7307.0, 12824.0, 12832.0, 12827.0]",41.96566009521,42.0,False
36895579.0,[],0.0,0.0,True
36895581.0,"[4961.0, 12707.0, 7262.0]",186.71234893807002,189.0,False
36895582.0,"[12707.0, 7307.0, 12824.0, 12832.0, 12827.0]",41.96566009521,42.0,False
36895583.0,"[12707.0, 7307.0]",21.63259124751,42.0,False
36895588.0,"[12707.0, 7307.0]",21.63259124751,42.0,False
36895593.0,[12707.0],16.4378509521,21.0,False
36895594.0,"[12707.0, 7307.0, 12824.0, 12832.0, 12827.0]",41.96566009521,52.5,False
36895597.0,[12707.0],16.4378509521,21.0,False
36895603.0,[12707.0],16.4378509521,21.0,False
36895604.0,"[12707.0, 7307.0, 12824.0, 12832.0, 12827.0]",41.96566009521,42.0,False
36895606.0,[12707.0],16.4378509521,21.0,False
36895609.0,"[12707.0, 7307.0, 12824.0, 12832.0, 12827.0]",41.96566009521,84.0,False
36895610.0,"[12707.0, 7307.0, 12824.0, 12832.0]",34.88372802734,63.0,False
36895612.0,[],0.0,10.5,False
36895617.0,"[4961.0, 20561.0, 1917.0]",532.0632553101999,535.5,False
36895619.0,[12707.0],16.4378509521,21.0,False
36895622.0,[12707.0],16.4378509521,21.0,False
36895624.0,"[12707.0, 7262.0]",25.92617034907,42.0,False
36895625.0,[12707.0],16.4378509521,21.0,False
36895626.0,"[12707.0, 7262.0]",25.92617034907,52.5,False
36895628.0,[12707.0],16.4378509521,21.0,False
36895630.0,[12707.0],16.4378509521,21.0,False
36895631.0,[12707.0],16.4378509521,21.0,False
36895633.0,[],0.0,10.5,False
36895636.0,"[20513.0, 12832.0, 7307.0]",146.62982940654,147.0,False
36895637.0,[12707.0],16.4378509521,21.0,False
36895639.0,[12707.0],16.4378509521,21.0,False
36895641.0,[12707.0],16.4378509521,21.0,False
36895645.0,"[12707.0, 7262.0]",25.92617034907,31.5,False
36895646.0,[12707.0],16.4378509521,21.0,False
36895647.0,"[4961.0, 20561.0, 9023.0, 4696.0, 7262.0, 12707.0, 20531.0]",870.81475067177,903.0,False
36895650.0,"[12707.0, 1917.0, 7262.0]",118.22643280026999,126.0,False
36895651.0,[12707.0],16.4378509521,21.0,False
36895652.0,[12707.0],16.4378509521,21.0,False
36895653.0,[12707.0],16.4378509521,21.0,False
36895656.0,"[12707.0, 7262.0]",25.92617034907,31.5,False
36895657.0,"[20513.0, 12832.0, 7307.0]",146.62982940654,147.0,False
36895660.0,"[12832.0, 12827.0]",9.522315979,10.5,False
36895661.0,[12832.0],2.44038391113,10.5,False
36895662.0,"[12707.0, 12832.0]",18.87823486323,21.0,False
36895663.0,"[12707.0, 12832.0]",18.87823486323,21.0,False
36895664.0,[12707.0],16.4378509521,21.0,False
36895667.0,[12707.0],16.4378509521,21.0,False
36895668.0,[7262.0],9.48831939697,10.5,False
36895670.0,[],0.0,10.5,False
36895671.0,[12707.0],16.4378509521,21.0,False
36895673.0,"[12832.0, 12827.0]",9.522315979,10.5,False
36895675.0,"[12832.0, 12827.0]",9.522315979,10.5,False
36895676.0,[7262.0],9.48831939697,10.5,False
36895679.0,"[12832.0, 12827.0]",9.522315979,10.5,False
36895680.0,"[12832.0, 12827.0]",9.522315979,10.5,False
36895681.0,[7262.0],9.48831939697,10.5,False
36895683.0,"[12832.0, 12827.0]",9.522315979,10.5,False
36895684.0,"[12707.0, 12832.0]",18.87823486323,21.0,False
36895686.0,[12707.0],16.4378509521,21.0,False
36895687.0,"[12707.0, 12832.0]",18.87823486323,21.0,False
36895689.0,[],0.0,10.5,False
36895690.0,"[7262.0, 12707.0]",25.92617034907,42.0,False
36895692.0,"[12707.0, 12824.0, 12832.0, 12827.0, 7307.0]",41.96566009521,42.0,False
36895693.0,[12707.0],16.4378509521,21.0,False
36895694.0,[7262.0],9.48831939697,10.5,False
36895695.0,"[12832.0, 12827.0]",9.522315979,10.5,False
36895697.0,[7262.0],9.48831939697,10.5,False
36895698.0,[],0.0,0.0,True
36895699.0,[12707.0],16.4378509521,21.0,False
36895701.0,"[7262.0, 20531.0, 120.0]",100.92172241207,105.0,False
36895704.0,"[7262.0, 20531.0, 120.0]",100.92172241207,105.0,False
36895705.0,"[12707.0, 12832.0]",18.87823486323,21.0,False
36895706.0,[7262.0],9.48831939697,10.5,False
36895708.0,"[12707.0, 12824.0, 12832.0]",29.68898773193,31.5,False
36895709.0,[12707.0],16.4378509521,21.0,False
36895710.0,[7262.0],9.48831939697,10.5,False
36895711.0,"[12707.0, 12832.0]",18.87823486323,21.0,False
36895713.0,"[12707.0, 12832.0]",18.87823486323,21.0,False
36895714.0,[7262.0],9.48831939697,10.5,False
36895715.0,[7262.0],9.48831939697,10.5,False
36895777.0,[],0.0,0.0,True
36895782.0,"[12906.0, 7307.0, 20722.0, 15062.0, 12707.0]",186.04408264129,189.0,False
36895786.0,"[12906.0, 7307.0, 15062.0, 12707.0]",159.82053375209,168.0,False
36895788.0,"[15062.0, 7307.0]",6.63813018799,21.0,False
36895793.0,"[15062.0, 7307.0]",6.63813018799,21.0,False
36895800.0,"[15062.0, 7307.0]",6.63813018799,21.0,False
36895801.0,"[12906.0, 7307.0, 15062.0, 12707.0]",159.82053375209,168.0,False
36895808.0,"[15062.0, 7307.0]",6.63813018799,21.0,False
36895810.0,"[12906.0, 20722.0, 15062.0]",164.41149139378,168.0,False
36895814.0,"[12906.0, 7307.0, 20722.0, 15062.0, 12707.0]",186.04408264129,189.0,False
36895815.0,"[17195.0, 7307.0, 20722.0, 15062.0, 12707.0]",173.26300811729,189.0,False
36895824.0,"[12827.0, 12824.0, 12832.0, 7307.0]",25.527809143109998,31.5,False
36895825.0,"[12702.0, 12690.0, 12675.0, 12698.0, 12824.0]",669.9299697874,672.0,False
36895830.0,"[12692.0, 12683.0, 12707.0, 20514.0, 12832.0]",669.84611511323,672.0,False
36895841.0,"[12827.0, 12832.0]",9.522315979,10.5,False
36895844.0,[],0.0,0.0,True
36895850.0,"[12827.0, 12832.0]",9.522315979,10.5,False
36895861.0,"[12832.0, 12827.0]",9.522315979,10.5,False
36895871.0,"[12692.0, 12690.0, 12675.0, 12707.0, 12824.0, 12832.0, 12827.0, 7307.0]",610.0090713502099,630.0,False
36895872.0,"[12827.0, 12832.0]",9.522315979,10.5,False
36895877.0,"[12824.0, 12832.0, 12827.0]",20.3330688477,21.0,False
36895880.0,"[12707.0, 12824.0, 12832.0, 12827.0, 7307.0]",41.96566009521,42.0,False
36895891.0,"[12707.0, 12832.0]",18.87823486323,21.0,False
36895895.0,"[12707.0, 12832.0]",18.87823486323,21.0,False
36895897.0,"[12832.0, 12827.0]",9.522315979,10.5,False
36895900.0,"[12832.0, 12827.0]",9.522315979,10.5,False
36895902.0,"[12707.0, 12832.0]",18.87823486323,21.0,False
36895904.0,"[12832.0, 12827.0]",9.522315979,10.5,False
36895906.0,"[12707.0, 12832.0]",18.87823486323,21.0,False
36895908.0,"[12832.0, 12827.0]",9.522315979,10.5,False
36895914.0,"[12832.0, 12827.0]",9.522315979,10.5,False
36895984.0,"[15062.0, 7307.0]",6.63813018799,21.0,False
36895985.0,"[20722.0, 15062.0, 7307.0, 15990.0]",57.30780029299001,84.0,False
36895988.0,"[17557.0, 20722.0, 15062.0, 7307.0]",332.74240875219,336.0,False
36895990.0,"[8.0, 5529.0, 20722.0, 5523.0, 15062.0, 7307.0, 15990.0]",568.14952850429,619.5,False
36895991.0,"[20722.0, 12906.0, 15062.0]",164.41149139378,168.0,False
36895992.0,[],0.0,0.0,True
36895994.0,[],0.0,0.0,True
36895999.0,"[20722.0, 5523.0, 15062.0, 7307.0, 15990.0]",152.97867584229002,168.0,False
36896002.0,"[7307.0, 15062.0]",6.63813018799,21.0,False
36896003.0,"[15062.0, 7307.0]",6.63813018799,21.0,False
36896008.0,"[20722.0, 12906.0, 15062.0]",164.41149139378,168.0,False
36896009.0,"[20722.0, 5523.0, 15062.0, 7307.0, 15990.0]",152.97867584229002,168.0,False
36896011.0,[],0.0,0.0,True
36896012.0,"[15062.0, 7307.0]",6.63813018799,21.0,False
36896014.0,[],0.0,0.0,True
36896018.0,[],0.0,0.0,True
36896019.0,"[7307.0, 15062.0]",6.63813018799,21.0,False
36896024.0,[],0.0,0.0,True
36896197.0,[],0.0,0.0,True
36896313.0,"[17195.0, 12906.0, 7307.0, 20722.0, 15062.0, 12707.0]",310.00756072929,336.0,False
36896316.0,"[17195.0, 7307.0, 20722.0, 15062.0]",156.82515716519,168.0,False
36896318.0,"[17195.0, 7305.0, 7307.0, 15062.0]",230.06685638389,231.0,False
36896328.0,"[7307.0, 15062.0]",6.63813018799,21.0,False
36896331.0,[],0.0,0.0,True
36896333.0,[],0.0,0.0,True
36896334.0,"[12340.0, 1917.0, 12906.0, 7307.0, 12707.0, 20722.0, 15062.0]",576.45855712849,577.5,False
36896335.0,"[12340.0, 7307.0, 12707.0, 15062.0, 12827.0, 12832.0]",330.71250915509006,336.0,False
36896336.0,[],0.0,0.0,True
36896337.0,"[1917.0, 12707.0, 7305.0, 7307.0, 15062.0, 12827.0, 12832.0]",224.36380767819,231.0,False
36896338.0,"[1917.0, 1917.0, 7307.0, 7307.0, 7307.0, 7307.0, 12707.0, 12827.0, 15062.0]",230.34265899659,231.0,False
36896383.0,"[12824.0, 12832.0, 12827.0]",20.3330688477,21.0,False
36896390.0,"[12832.0, 12827.0]",9.522315979,10.5,False
36896394.0,"[12824.0, 12832.0, 12827.0]",20.3330688477,21.0,False
36896401.0,"[12832.0, 12827.0]",9.522315979,10.5,False
36896406.0,"[12832.0, 12827.0]",9.522315979,10.5,False
36896508.0,"[21307.0, 20722.0, 15062.0, 7307.0, 15990.0]",152.97867584229002,168.0,False
36896512.0,"[20722.0, 15062.0, 7307.0, 15990.0]",57.30780029299001,84.0,False
36896515.0,"[20722.0, 15062.0, 7307.0, 15990.0]",57.30780029299001,84.0,False
36896517.0,[],0.0,0.0,True
36896518.0,[],0.0,0.0,True
36896519.0,"[8.0, 20722.0, 5523.0, 15062.0, 15990.0]",355.36936187788,357.0,False
36896523.0,"[8.0, 20722.0, 15062.0, 7307.0]",240.44710540819,252.0,False
36896524.0,"[15062.0, 7307.0]",6.63813018799,21.0,False
36896525.0,"[15062.0, 7307.0]",6.63813018799,21.0,False
36896526.0,"[15062.0, 7307.0]",6.63813018799,10.5,False
36896527.0,"[15062.0, 7307.0]",6.63813018799,21.0,False
36896530.0,"[15062.0, 7307.0]",6.63813018799,21.0,False
36896531.0,"[20722.0, 21307.0, 15062.0]",123.33781433108001,126.0,False
36896532.0,"[20722.0, 21307.0, 15062.0]",123.33781433108001,126.0,False
36896534.0,"[21308.0, 8.0, 20722.0, 15062.0, 15990.0, 7307.0]",626.0390777589898,672.0,False
36896535.0,"[20722.0, 21307.0, 15062.0, 15990.0, 7307.0]",152.97867584229,168.0,False
36896536.0,"[17557.0, 20722.0, 5523.0, 15062.0, 7307.0, 15990.0]",452.85940551729,504.0,False
36896541.0,"[20722.0, 21307.0, 15062.0]",123.33781433108001,126.0,False
36896542.0,"[17557.0, 20722.0, 15062.0, 7307.0]",332.74240875219,336.0,False
36896543.0,[],0.0,0.0,True
36896545.0,"[8.0, 20722.0, 21307.0, 15062.0]",330.92324066208,336.0,False
36896547.0,"[20722.0, 5523.0, 15062.0, 7307.0, 15990.0]",152.97867584229002,168.0,False
36896551.0,"[20722.0, 5523.0, 15062.0, 15990.0, 7307.0]",152.97867584229,168.0,False
36896552.0,[],0.0,0.0,True
36896557.0,"[15062.0, 7307.0]",6.63813018799,21.0,False
36896558.0,"[15062.0, 7307.0]",6.63813018799,10.5,False
36896560.0,"[20722.0, 15062.0, 7307.0, 15990.0, 12707.0]",73.74565124509002,84.0,False
36896564.0,"[15062.0, 7307.0]",6.63813018799,21.0,False
36896565.0,"[12906.0, 20722.0, 17195.0, 15062.0, 7307.0, 15990.0, 12707.0]",334.45368194509,357.0,False
36896568.0,"[12906.0, 17195.0, 20722.0, 7307.0, 15062.0, 12707.0, 15990.0]",334.45368194509,357.0,False
36896571.0,"[20722.0, 15062.0, 7307.0, 15990.0, 12707.0]",73.74565124509002,84.0,False
36896572.0,"[20722.0, 15062.0, 7307.0, 15990.0, 12707.0]",73.74565124509002,84.0,False
36896573.0,"[12906.0, 20722.0, 15062.0]",164.41149139378,168.0,False
36896574.0,"[20722.0, 15062.0, 21307.0]",123.33781433108001,126.0,False
36896578.0,"[12906.0, 17195.0, 20722.0, 7307.0, 15062.0]",293.56970977719,294.0,False
36896579.0,"[12906.0, 20722.0, 7307.0, 15062.0, 12707.0]",186.04408264129,189.0,False
36896581.0,"[12906.0, 20722.0, 17195.0, 15062.0, 7307.0, 15990.0, 12707.0]",334.45368194509,336.0,False
36896582.0,"[20722.0, 15062.0, 5523.0]",123.33781433108001,126.0,False
36896585.0,[],0.0,0.0,True
36896587.0,"[12906.0, 7307.0, 20722.0, 15062.0, 12707.0]",186.04408264129,189.0,False
36897817.0,[],0.0,0.0,True
36897818.0,"[21307.0, 5523.0, 15062.0]",192.78514099118001,210.0,False
36897819.0,"[21307.0, 5523.0, 15062.0]",192.78514099118001,210.0,False
36897820.0,"[21307.0, 5523.0, 15062.0]",192.78514099118001,210.0,False
36897821.0,"[21307.0, 5523.0, 15062.0]",192.78514099118001,210.0,False
36906345.0,[],0.0,0.0,True
36906794.0,[],0.0,0.0,True
36906795.0,[],0.0,0.0,True
36906796.0,[],0.0,0.0,True
36906797.0,[],0.0,0.0,True
36906798.0,[],0.0,0.0,True
36906799.0,[],0.0,0.0,True
36906800.0,[],0.0,0.0,True
36906801.0,[],0.0,0.0,True
36906802.0,[],0.0,0.0,True
36906803.0,[],0.0,0.0,True
36906804.0,[],0.0,0.0,True
36906805.0,[],0.0,0.0,True
36906806.0,[],0.0,0.0,True
36906807.0,[],0.0,0.0,True
36906808.0,[],0.0,0.0,True
36906809.0,[],0.0,0.0,True
36906947.0,[],0.0,0.0,True
36906948.0,[],0.0,0.0,True
36906949.0,[],0.0,0.0,True
36906950.0,[],0.0,0.0,True
36906951.0,[],0.0,0.0,True
36906963.0,[],0.0,0.0,True
36907127.0,"[20329.0, 20368.0, 15990.0, 7604.0, 17582.0, 10942.0, 15062.0]",1515.22929381978,1543.5,False
36907393.0,[],0.0,0.0,True
36907400.0,[],0.0,0.0,True
36907403.0,[],0.0,0.0,True
36907405.0,[],0.0,0.0,True
36907409.0,[],0.0,0.0,True
36907410.0,[],0.0,0.0,True
36907411.0,[],0.0,0.0,True
36907412.0,[],0.0,0.0,True
36907723.0,[],0.0,0.0,True
36907724.0,[],0.0,0.0,True
36907725.0,[],0.0,0.0,True
36907727.0,[],0.0,0.0,True
36907728.0,"[20368.0, 15990.0, 20349.0, 15062.0, 5523.0]",325.44107055638005,336.0,False
36907729.0,[],0.0,0.0,True
36907730.0,[],0.0,0.0,True
36907731.0,[],0.0,0.0,True
36907733.0,[],0.0,0.0,True
36907736.0,[],0.0,0.0,True
36907738.0,"[20355.0, 20368.0, 20349.0, 15990.0, 7604.0, 15062.0, 1917.0, 20722.0, 12707.0]",921.8445053095797,945.0,False
36907740.0,[],0.0,0.0,True
36907742.0,[],0.0,0.0,True
36907743.0,[],0.0,0.0,True
36907744.0,[15062.0],1.44338989258,10.5,False
36907747.0,[],0.0,0.0,True
36907754.0,"[799.0, 1917.0, 15990.0, 15062.0]",286.46358489958004,294.0,False
36907755.0,[],0.0,0.0,True
36907756.0,[],0.0,0.0,True
36907758.0,"[8980.0, 12340.0, 12707.0, 7307.0, 20722.0, 15062.0, 12832.0]",1616.26349639642,1617.0,False
36907759.0,[],0.0,0.0,True
36907761.0,[],0.0,0.0,True
36907762.0,[],0.0,0.0,True
36907764.0,[],0.0,0.0,True
36907777.0,[],0.0,0.0,True
36907779.0,[],0.0,0.0,True
36907780.0,[],0.0,0.0,True
36907783.0,[],0.0,0.0,True
36907789.0,[],0.0,0.0,True
36907790.0,[],0.0,0.0,True
36907798.0,"[12832.0, 12827.0]",9.522315979,10.5,False
36907799.0,[],0.0,0.0,True
36907800.0,[],0.0,0.0,True
36907802.0,[],0.0,0.0,True
36907803.0,[],0.0,0.0,True
36907804.0,[],0.0,0.0,True
36907813.0,[],0.0,0.0,True
36907814.0,[],0.0,0.0,True
36907815.0,[],0.0,0.0,True
36907816.0,[],0.0,0.0,True
36907828.0,[],0.0,0.0,True
36908106.0,[],0.0,,False
36908107.0,[],0.0,,False
36908111.0,[],0.0,,False
36908112.0,[],0.0,,False
36908115.0,[],0.0,,False
36908116.0,[],0.0,,False
36908117.0,[],0.0,,False
36908122.0,[],0.0,,False
36908123.0,[],0.0,,False
36908143.0,[],0.0,,False
36908144.0,[],0.0,,False
36909080.0,"[21307.0, 15062.0, 20722.0, 15990.0, 7307.0]",152.97867584229,168.0,False
36909081.0,"[15990.0, 20368.0, 15062.0, 20722.0]",120.30912017828001,136.5,False
36909082.0,"[20722.0, 5523.0, 15062.0, 15990.0, 7307.0]",152.97867584229,168.0,False
36909083.0,"[15990.0, 20368.0, 15062.0, 21307.0, 5523.0, 20722.0]",311.65087127688,357.0,False
36909084.0,"[15062.0, 21307.0, 5523.0, 20722.0, 15990.0, 7307.0]",248.64955139159002,283.5,False
36909085.0,"[15062.0, 21307.0, 5523.0, 20722.0]",219.00868988038002,241.5,False
36909086.0,"[15990.0, 20368.0, 15062.0, 20722.0, 10942.0]",161.44639587408,168.0,False
36909087.0,"[15062.0, 20722.0, 21307.0, 15990.0, 7307.0]",152.97867584229,168.0,False
36909093.0,"[20722.0, 15062.0, 21307.0, 15990.0, 7307.0]",152.97867584229,168.0,False
36909094.0,"[15990.0, 20368.0, 15062.0, 20349.0, 20722.0]",255.99374389628002,304.5,False
36909095.0,"[15990.0, 15062.0, 20722.0]",52.11305999758,84.0,False
36909097.0,"[15990.0, 15062.0]",25.889511108380002,42.0,False
36909098.0,"[20368.0, 15062.0]",69.63945007328,73.5,False
36909102.0,"[20349.0, 20355.0, 7604.0, 4696.0, 20368.0, 15990.0, 15062.0, 10942.0]",1049.65851592988,1050.0,False
36909103.0,"[15062.0, 12707.0]",17.88124084468,21.0,False
36909105.0,"[15062.0, 12707.0]",17.88124084468,21.0,False
36909109.0,"[15062.0, 12707.0]",17.88124084468,21.0,False
36909111.0,"[20722.0, 15062.0, 7307.0]",32.861679077190004,42.0,False
36909114.0,"[20349.0, 20368.0, 15990.0, 15062.0, 12707.0]",246.20804595918,252.0,False
36909118.0,"[20349.0, 15990.0, 15062.0, 20722.0]",187.79768371558,189.0,False
36909119.0,"[15990.0, 15062.0]",25.889511108380002,42.0,False
36909123.0,[],0.0,0.0,True
36909125.0,"[12707.0, 15062.0, 7307.0]",23.07598114009,42.0,False
36909126.0,"[7307.0, 15062.0]",6.63813018799,10.5,False
36909130.0,"[15990.0, 15062.0, 7307.0]",31.084251403790002,42.0,False
36909135.0,"[799.0, 12707.0, 15062.0, 15990.0, 20722.0, 7307.0]",242.01946258509003,252.0,False
36909138.0,"[20514.0, 12707.0, 12824.0, 12832.0, 12827.0]",163.76408386280002,168.0,False
36909143.0,"[12707.0, 12824.0, 12832.0, 12827.0, 7307.0]",41.96566009521,42.0,False
36909145.0,[12707.0],16.4378509521,21.0,False
36909147.0,"[12832.0, 12827.0]",9.522315979,10.5,False
36909148.0,"[12707.0, 12832.0]",18.87823486323,21.0,False
36909178.0,"[12906.0, 20722.0, 15062.0, 7307.0, 12707.0]",186.04408264129,189.0,False
36909183.0,[],0.0,0.0,True
36909185.0,"[17195.0, 15062.0]",125.40686798058,126.0,False
36909197.0,"[12707.0, 12832.0]",18.87823486323,21.0,False
36909371.0,"[20368.0, 15990.0, 15062.0, 17582.0]",164.16131591798,189.0,False
36909372.0,"[15975.0, 15990.0, 15062.0]",586.8758697513799,609.0,False
36909373.0,[],0.0,0.0,True
36909551.0,"[1917.0, 12707.0, 12707.0]",125.1759643554,126.0,False
36909553.0,[7262.0],9.48831939697,10.5,False
36909554.0,"[12707.0, 15062.0, 15062.0, 15062.0]",20.768020629840002,21.0,False
36909555.0,"[1917.0, 1917.0, 15062.0, 15062.0, 15062.0]",188.93069458014,189.0,False
36909557.0,"[7262.0, 7262.0]",18.97663879394,21.0,False
36909559.0,"[7262.0, 7262.0]",18.97663879394,21.0,False
36909561.0,"[12707.0, 15062.0]",17.88124084468,21.0,False
36909562.0,"[12707.0, 15062.0]",17.88124084468,21.0,False
36909565.0,"[12707.0, 15990.0, 15062.0, 20722.0]",68.55091094968,73.5,False
36909567.0,[12707.0],16.4378509521,21.0,False
36909569.0,"[12707.0, 7307.0, 15062.0, 20722.0]",49.29953002929,84.0,False
36909576.0,"[4961.0, 12707.0, 7262.0]",186.71234893807002,189.0,False
36909577.0,"[12707.0, 7307.0, 15062.0]",23.07598114009,42.0,False
36909580.0,"[14480.0, 12707.0, 15990.0]",327.8934402469,336.0,False
36909581.0,[12707.0],16.4378509521,21.0,False
36909583.0,[],0.0,0.0,True
36909585.0,"[12707.0, 7307.0]",21.63259124751,63.0,False
36909588.0,"[12707.0, 7262.0]",25.92617034907,42.0,False
36909589.0,[12707.0],16.4378509521,31.5,False
36909590.0,"[12707.0, 7262.0]",25.92617034907,31.5,False
36909591.0,"[12707.0, 7262.0, 1917.0]",118.22643280027,126.0,False
36909592.0,[],0.0,0.0,True
36909596.0,[],0.0,0.0,True
36909597.0,[],0.0,0.0,True
36909598.0,[],0.0,0.0,True
36909600.0,"[12340.0, 12906.0, 17195.0, 7307.0, 15062.0, 12827.0, 12832.0]",574.9826889029899,577.5,False
36909602.0,"[12340.0, 1917.0, 12906.0, 7307.0, 12707.0, 20722.0, 15062.0, 12827.0, 12824.0, 12832.0]",596.79162597619,619.5,False
36909607.0,"[7307.0, 12832.0]",7.6351242065400005,10.5,False
36909608.0,"[7307.0, 12832.0]",7.6351242065400005,10.5,False
36909609.0,"[7307.0, 12832.0]",7.6351242065400005,10.5,False
36909611.0,"[7307.0, 12832.0]",7.6351242065400005,10.5,False
36909619.0,"[12677.0, 12824.0, 12832.0]",251.29393005383,252.0,False
36909626.0,"[12707.0, 12832.0]",18.87823486323,21.0,False
36909638.0,"[12827.0, 12832.0]",9.522315979,10.5,False
36909644.0,"[12824.0, 12827.0, 12832.0]",20.333068847699998,21.0,False
36909649.0,"[12827.0, 12832.0]",9.522315979,10.5,False
36909650.0,[],0.0,0.0,True
36909659.0,"[12832.0, 12827.0]",9.522315979,10.5,False
36909663.0,"[12824.0, 12832.0, 12827.0]",20.3330688477,21.0,False
36909681.0,[],0.0,0.0,True
36909682.0,[],0.0,0.0,True
36909683.0,[],0.0,0.0,True
36909684.0,[],0.0,0.0,True
36909687.0,[],0.0,0.0,True
36909691.0,"[12906.0, 20722.0, 17557.0, 15062.0, 7307.0, 15990.0]",493.93308257999,504.0,False
36909693.0,"[5709.0, 17195.0, 7307.0, 15062.0]",354.50984191899,357.0,False
36911793.0,[],0.0,0.0,True
36911794.0,[],0.0,0.0,True
36911795.0,[],0.0,0.0,True
36911796.0,[],0.0,0.0,True
36911797.0,[],0.0,0.0,True
36911947.0,[],0.0,0.0,True
36912895.0,"[20368.0, 15990.0, 17582.0, 15062.0]",164.16131591798,189.0,False
36912896.0,[],0.0,0.0,True
36912899.0,"[15990.0, 20368.0, 15062.0, 20349.0, 21307.0, 20722.0]",351.66461944558006,357.0,False
36912900.0,"[20368.0, 15990.0, 20349.0, 15062.0, 21307.0, 20722.0]",351.66461944558006,378.0,False
36912903.0,"[15062.0, 7307.0]",6.63813018799,21.0,False
36912904.0,[15062.0],1.44338989258,10.5,False
36912906.0,"[20368.0, 15990.0, 10942.0, 15062.0, 20722.0]",161.44639587408,168.0,False
36912907.0,"[15062.0, 7307.0]",6.63813018799,21.0,False
36912908.0,"[7604.0, 15062.0]",165.94734954858,168.0,False
36912910.0,"[15062.0, 7307.0]",6.63813018799,10.5,False
36912911.0,"[15062.0, 7307.0]",6.63813018799,21.0,False
36912912.0,"[20355.0, 20368.0, 20349.0, 15990.0, 15062.0]",622.3788833610798,630.0,False
36912913.0,"[20368.0, 15990.0, 20349.0, 15062.0, 5523.0, 20722.0]",351.66461944558006,357.0,False
36912914.0,"[15062.0, 7307.0]",6.63813018799,21.0,False
36912921.0,"[7307.0, 20722.0, 15062.0, 12707.0]",49.29953002929,84.0,False
36912930.0,[],0.0,0.0,True
36912955.0,[],0.0,0.0,True
36912964.0,[],0.0,0.0,True
36912976.0,"[12707.0, 12824.0, 12832.0, 12827.0, 7307.0]",41.96566009521,42.0,False
36912978.0,"[12707.0, 12832.0]",18.87823486323,21.0,False
36912982.0,"[12832.0, 12827.0]",9.522315979,10.5,False
36913343.0,"[15062.0, 7307.0]",6.63813018799,21.0,False
36913344.0,"[12707.0, 15062.0, 7307.0]",23.07598114009,42.0,False
36913345.0,"[12707.0, 15062.0]",17.88124084468,21.0,False
36913346.0,"[12707.0, 15062.0, 7307.0]",23.07598114009,42.0,False
36913347.0,[],0.0,0.0,True
36913348.0,"[20368.0, 15062.0]",69.63945007328,84.0,False
36913349.0,"[12707.0, 15062.0, 7307.0]",23.07598114009,42.0,False
36913353.0,[],0.0,0.0,True
36913355.0,[7262.0],9.48831939697,21.0,False
36913356.0,"[2956.0, 20562.0, 15990.0, 15062.0]",1287.35163879438,1302.0,False
36913359.0,"[12707.0, 15062.0, 20722.0, 15990.0, 7307.0]",73.74565124509,84.0,False
36913360.0,"[12707.0, 15062.0, 20722.0, 15990.0, 7307.0]",73.74565124509,84.0,False
36913361.0,[7262.0],9.48831939697,10.5,False
36913363.0,"[4696.0, 20368.0]",289.8344573977,294.0,False
36913365.0,"[12707.0, 15062.0, 15990.0, 7307.0]",47.52210235589,63.0,False
36913366.0,[7262.0],9.48831939697,21.0,False
36913367.0,[],0.0,0.0,True
36913368.0,[7262.0],9.48831939697,10.5,False
36913370.0,"[12707.0, 15062.0]",17.88124084468,21.0,False
36913372.0,"[7262.0, 12707.0]",25.92617034907,31.5,False
36913373.0,"[12707.0, 15062.0]",17.88124084468,21.0,False
36913376.0,"[1917.0, 12707.0, 15062.0, 7307.0]",115.37624359128999,126.0,False
36913377.0,"[12707.0, 15062.0]",17.88124084468,21.0,False
36913378.0,[15062.0],1.44338989258,10.5,False
36913380.0,[7262.0],9.48831939697,21.0,False
36913381.0,[7262.0],9.48831939697,21.0,False
36913382.0,"[1917.0, 12340.0, 7307.0, 15062.0]",397.05260467519,399.0,False
36913383.0,"[20512.0, 12707.0, 15062.0]",184.66996765168,189.0,False
36913387.0,"[12707.0, 12832.0]",18.87823486323,21.0,False
36913388.0,"[12707.0, 12832.0]",18.87823486323,21.0,False
36913401.0,"[15062.0, 7307.0]",6.63813018799,21.0,False
36913402.0,"[20722.0, 5523.0, 15062.0]",123.33781433108001,126.0,False
36913403.0,"[15062.0, 7307.0]",6.63813018799,21.0,False
36913406.0,"[20722.0, 15062.0]",27.66693878178,31.5,False
36913410.0,"[17557.0, 20882.0, 8.0, 20722.0, 15062.0, 7307.0, 15990.0]",1237.31751251199,1260.0,False
36913411.0,"[20722.0, 5523.0, 15062.0]",123.33781433108001,126.0,False
36913412.0,"[20722.0, 5523.0, 15062.0, 7307.0, 15990.0]",152.97867584229002,168.0,False
36913414.0,"[15062.0, 7307.0]",6.63813018799,21.0,False
36913416.0,"[15062.0, 7307.0]",6.63813018799,10.5,False
36913419.0,[],0.0,0.0,True
36913420.0,"[20722.0, 15062.0, 5523.0]",123.33781433108001,126.0,False
36913421.0,[],0.0,0.0,True
36913422.0,"[15062.0, 7307.0]",6.63813018799,10.5,False
36913423.0,"[15062.0, 7307.0]",6.63813018799,21.0,False
36913425.0,"[20722.0, 20720.0, 15062.0, 15990.0, 7307.0]",488.74466705299,504.0,False
36913426.0,[],0.0,0.0,True
36913428.0,"[20722.0, 15062.0, 21307.0, 15990.0, 7307.0]",152.97867584229,168.0,False
36913430.0,"[7307.0, 15062.0]",6.63813018799,21.0,False
36913432.0,[],0.0,0.0,True
36913433.0,"[20722.0, 15062.0, 21307.0, 7307.0, 15990.0]",152.97867584229002,168.0,False
36913442.0,"[15062.0, 7307.0]",6.63813018799,21.0,False
36915636.0,"[17582.0, 10942.0, 15990.0]",135.6591415405,136.5,False
36915678.0,"[20368.0, 15990.0, 15062.0, 20722.0]",120.30912017828001,126.0,False
36915679.0,"[20368.0, 15990.0, 15062.0, 17582.0]",164.16131591798,189.0,False
36915680.0,"[10318.0, 20368.0, 15990.0, 15062.0]",601.8513488770799,609.0,False
36916356.0,[7262.0],9.48831939697,10.5,False
36916360.0,"[12707.0, 15062.0]",17.88124084468,21.0,False
36916363.0,"[12707.0, 15062.0]",17.88124084468,21.0,False
36916364.0,[],0.0,0.0,True
36916366.0,"[12707.0, 15062.0]",17.88124084468,21.0,False
36916368.0,[7262.0],9.48831939697,21.0,False
36916372.0,[7262.0],9.48831939697,21.0,False
36916373.0,"[12707.0, 7307.0, 15062.0]",23.07598114009,42.0,False
36916393.0,"[12906.0, 7307.0, 15062.0, 12707.0]",159.82053375209,168.0,False
36916395.0,"[12906.0, 20722.0, 15062.0, 7307.0, 12707.0]",186.04408264129,189.0,False
36916400.0,"[12906.0, 7307.0, 20722.0, 15062.0, 12707.0]",186.04408264129,189.0,False
36916403.0,"[15062.0, 7307.0]",6.63813018799,21.0,False
36916404.0,"[17195.0, 15062.0]",125.40686798058,126.0,False
36916408.0,[12707.0],16.4378509521,21.0,False
36916409.0,[12707.0],16.4378509521,21.0,False
36916503.0,[7262.0],9.48831939697,21.0,False
36916505.0,"[15062.0, 12707.0]",17.88124084468,21.0,False
36916506.0,"[15062.0, 12707.0]",17.88124084468,21.0,False
36916510.0,"[20349.0, 20346.0, 20355.0, 7604.0, 4696.0, 15990.0, 15062.0]",2317.77610015338,2352.0,False
36916511.0,"[15990.0, 15062.0]",25.889511108380002,42.0,False
36916512.0,"[15062.0, 7307.0]",6.63813018799,10.5,False
36916524.0,[],0.0,0.0,True
36916526.0,"[20722.0, 15062.0, 15990.0, 7307.0]",57.30780029299,84.0,False
36916527.0,"[20722.0, 15062.0, 7307.0]",32.861679077190004,84.0,False
36916529.0,"[8.0, 20722.0, 15062.0, 7307.0]",240.44710540819,252.0,False
36916604.0,"[15062.0, 12707.0]",17.88124084468,21.0,False
36916606.0,"[15062.0, 20722.0, 7307.0]",32.861679077190004,42.0,False
36916607.0,"[15062.0, 7307.0]",6.63813018799,21.0,False
36916609.0,"[20368.0, 15062.0]",69.63945007328,84.0,False
36916610.0,"[20368.0, 15062.0]",69.63945007328,73.5,False
36916612.0,[],0.0,0.0,True
36916613.0,"[20368.0, 15062.0]",69.63945007328,73.5,False
36916614.0,[15062.0],1.44338989258,10.5,False
36916615.0,"[20368.0, 15990.0, 15062.0, 20722.0]",120.30912017828001,126.0,False
36916617.0,"[20368.0, 15062.0]",69.63945007328,73.5,False
36916618.0,"[15062.0, 7307.0]",6.63813018799,10.5,False
36916620.0,"[15990.0, 15062.0]",25.889511108380002,42.0,False
36916623.0,"[15062.0, 12707.0]",17.88124084468,21.0,False
36916626.0,"[15062.0, 12707.0]",17.88124084468,21.0,False
36916812.0,"[5524.0, 15062.0, 7307.0]",367.78398132299,378.0,False
36916813.0,"[15990.0, 20368.0, 15062.0, 5523.0, 21307.0, 20722.0, 10942.0]",352.78814697268,357.0,False
36916814.0,"[21307.0, 5523.0, 15062.0, 20722.0, 15990.0]",243.45481109618,294.0,False
36916815.0,"[21308.0, 15062.0, 7307.0]",367.78398132299,378.0,False
36916816.0,[],0.0,0.0,True
36916817.0,"[15990.0, 20368.0, 15062.0, 21307.0, 5523.0, 20722.0]",311.65087127688,357.0,False
36916818.0,[],0.0,0.0,True
36916849.0,[],0.0,0.0,True
36916852.0,"[12707.0, 15990.0, 15062.0]",42.32736206048,63.0,False
36916853.0,"[12707.0, 15062.0, 20722.0, 7307.0, 15990.0]",73.74565124509,84.0,False
36916856.0,"[1917.0, 1917.0, 1917.0, 1917.0, 7307.0, 15062.0, 15062.0]",377.28256988537,378.0,False
36916862.0,"[12906.0, 17195.0, 7307.0, 20722.0, 15062.0, 12707.0]",310.00756072929,336.0,False
36916863.0,"[12906.0, 7305.0, 7307.0, 15062.0]",242.84793090788997,252.0,False
36916880.0,"[4961.0, 12707.0]",177.2240295411,178.5,False
36916881.0,[12707.0],16.4378509521,21.0,False
36916884.0,"[12707.0, 12698.0, 7307.0, 12832.0]",100.50033569334,105.0,False
36916886.0,[12707.0],16.4378509521,21.0,False
36916887.0,[12707.0],16.4378509521,21.0,False
36916889.0,[12707.0],16.4378509521,21.0,False
36916892.0,[12707.0],16.4378509521,21.0,False
36916893.0,"[20513.0, 12832.0, 7307.0]",146.62982940654,147.0,False
36916894.0,[],0.0,0.0,True
36916895.0,[12707.0],16.4378509521,21.0,False
36916897.0,[12707.0],16.4378509521,21.0,False
36916898.0,"[20514.0, 12707.0, 12832.0]",145.87139892623,147.0,False
36916899.0,"[20512.0, 12707.0, 12824.0, 12832.0, 12827.0]",203.55964660680002,252.0,False
36916900.0,"[20514.0, 12707.0, 12824.0, 12832.0, 12827.0, 7307.0]",168.95882415821,210.0,False
36916903.0,"[20514.0, 20513.0, 12707.0, 12824.0, 12832.0, 12827.0, 7307.0]",307.95352935821,315.0,False
36916905.0,"[20514.0, 20513.0, 12707.0, 12824.0, 12832.0, 12827.0, 7307.0]",307.95352935821,315.0,False
36916908.0,"[20513.0, 12832.0]",141.43508911113,147.0,False
36916909.0,"[12707.0, 1917.0, 12824.0, 12832.0]",121.98925018313,126.0,False
36916961.0,"[7604.0, 20368.0, 15990.0]",257.1461410525,294.0,False
36916962.0,"[15062.0, 12707.0]",17.88124084468,21.0,False
36916963.0,"[15062.0, 12707.0]",17.88124084468,21.0,False
36916964.0,"[15062.0, 12707.0]",17.88124084468,21.0,False
36916966.0,"[20349.0, 20368.0, 15990.0, 10942.0, 15062.0]",270.90747070288,294.0,False
36916967.0,"[15990.0, 15062.0]",25.889511108380002,42.0,False
36916974.0,"[12707.0, 15062.0, 7307.0]",23.07598114009,42.0,False
36916985.0,[7262.0],9.48831939697,21.0,False
36916989.0,"[12707.0, 7307.0, 15062.0]",23.07598114009,42.0,False
36916991.0,"[12707.0, 15062.0]",17.88124084468,21.0,False
36916992.0,[7262.0],9.48831939697,21.0,False
36916993.0,"[12707.0, 15062.0]",17.88124084468,21.0,False
36916994.0,"[12707.0, 15062.0]",17.88124084468,21.0,False
36916995.0,[],0.0,0.0,True
36917106.0,"[15062.0, 21307.0, 5523.0, 20722.0, 15990.0, 7307.0]",248.64955139159002,283.5,False
36917107.0,"[20722.0, 5523.0, 15062.0]",123.33781433108001,126.0,False
36917108.0,"[20720.0, 20722.0, 15062.0, 15990.0, 7307.0]",488.74466705299,546.0,False
36917109.0,"[15990.0, 20368.0, 15062.0, 20722.0]",120.30912017828001,147.0,False
36917110.0,"[15062.0, 21307.0, 5523.0, 20722.0, 15990.0, 7307.0]",248.64955139159002,252.0,False
36917111.0,"[15990.0, 20368.0, 15062.0, 20722.0, 10942.0]",161.44639587408,168.0,False
36917112.0,"[15990.0, 20368.0, 15062.0, 20349.0, 5523.0, 20722.0]",351.66461944558006,378.0,False
36917113.0,"[20722.0, 15062.0, 5523.0, 15990.0, 7307.0]",152.97867584229,168.0,False
36917114.0,"[15990.0, 15062.0, 20722.0]",52.11305999758,84.0,False
36917115.0,"[20722.0, 15062.0, 21307.0, 5523.0, 15990.0, 7307.0]",248.64955139159002,273.0,False
36917117.0,"[15062.0, 7307.0]",6.63813018799,21.0,False
36917118.0,"[15062.0, 7307.0]",6.63813018799,21.0,False
36917120.0,"[7604.0, 20368.0, 15062.0]",234.14340972928,252.0,False
36917121.0,"[15062.0, 7307.0]",6.63813018799,21.0,False
36917123.0,"[15062.0, 7307.0]",6.63813018799,21.0,False
36917124.0,"[15990.0, 15062.0, 20722.0]",52.11305999758,52.5,False
36918337.0,[],0.0,0.0,True
36918380.0,"[15062.0, 12707.0]",17.88124084468,21.0,False
36918382.0,"[12707.0, 7307.0]",21.63259124751,42.0,False
36918386.0,[20513.0],138.9947052,147.0,False
36918402.0,"[1917.0, 12707.0, 7307.0, 20722.0, 12832.0, 15062.0]",144.04017639161998,147.0,False
36918403.0,"[1917.0, 12707.0, 12675.0, 7307.0, 15062.0, 12824.0, 12832.0]",281.90219116212,283.5,False
36918407.0,[],0.0,0.0,True
36918423.0,"[7604.0, 20368.0, 15062.0]",234.14340972928,252.0,False
36918426.0,"[15062.0, 7307.0]",6.63813018799,10.5,False
36918427.0,"[15062.0, 7307.0]",6.63813018799,21.0,False
36918428.0,"[15990.0, 15062.0]",25.889511108380002,42.0,False
36918797.0,[],0.0,0.0,True
36918798.0,"[799.0, 4696.0, 20368.0, 15062.0]",459.55165863028,472.5,False
36918799.0,[],0.0,0.0,True
36918802.0,[],0.0,0.0,True
36918857.0,"[20512.0, 20513.0, 12832.0, 7307.0]",313.41855621354,315.0,False
36918860.0,"[20513.0, 7307.0, 12832.0]",146.62982940653998,147.0,False
36918862.0,"[12707.0, 7262.0]",25.92617034907,42.0,False
36918866.0,[12707.0],16.4378509521,21.0,False
36918867.0,"[12832.0, 12827.0]",9.522315979,10.5,False
36918868.0,"[12832.0, 12827.0]",9.522315979,10.5,False
36918869.0,"[12707.0, 12824.0, 12832.0, 12827.0, 7307.0]",41.96566009521,42.0,False
36918870.0,"[9023.0, 7262.0, 20531.0, 12707.0]",209.41336059577003,210.0,False
36918872.0,[7262.0],9.48831939697,21.0,False
36918873.0,"[12707.0, 12824.0, 12832.0, 12827.0]",36.7709197998,42.0,False
36918874.0,[7262.0],9.48831939697,21.0,False
36918877.0,"[20722.0, 15062.0, 5523.0]",123.33781433108001,126.0,False
36918880.0,"[20722.0, 20720.0, 15062.0, 7307.0, 15990.0]",488.74466705299,504.0,False
36918881.0,"[20722.0, 21307.0, 15062.0]",123.33781433108001,126.0,False
36918882.0,"[7307.0, 15062.0]",6.63813018799,21.0,False
36918885.0,[7262.0],9.48831939697,21.0,False
36918886.0,"[4696.0, 20368.0]",289.8344573977,294.0,False
36918887.0,"[12707.0, 15062.0, 7307.0]",23.07598114009,42.0,False
36918892.0,[7262.0],9.48831939697,10.5,False
36918893.0,[7262.0],9.48831939697,21.0,False
36919076.0,"[12827.0, 12832.0]",9.522315979,10.5,False
36919077.0,"[12824.0, 12827.0, 12832.0]",20.333068847699998,21.0,False
36919082.0,"[12690.0, 12675.0, 12692.0, 12698.0, 12707.0, 12824.0]",671.7193756105,672.0,False
36919345.0,"[15062.0, 12707.0]",17.88124084468,21.0,False
36919346.0,"[15062.0, 7307.0]",6.63813018799,21.0,False
36919351.0,[10942.0],41.1372756958,42.0,False
36919503.0,"[12906.0, 5709.0, 17195.0, 7307.0, 15062.0]",491.25439453099,504.0,False
36919714.0,"[12707.0, 15062.0, 15990.0, 7307.0]",47.52210235589,63.0,False
36919716.0,"[12707.0, 15062.0]",17.88124084468,21.0,False
36919717.0,[7262.0],9.48831939697,21.0,False
36919719.0,[7262.0],9.48831939697,21.0,False
36919723.0,"[12707.0, 15062.0]",17.88124084468,21.0,False
36919724.0,"[12707.0, 15062.0]",17.88124084468,21.0,False
36919725.0,[7262.0],9.48831939697,21.0,False
36919726.0,"[12707.0, 7307.0, 15062.0]",23.07598114009,42.0,False
36919727.0,"[12707.0, 7307.0, 15062.0]",23.07598114009,42.0,False
36919728.0,[12707.0],16.4378509521,21.0,False
36919732.0,"[12707.0, 7307.0, 12824.0, 12832.0, 12827.0]",41.96566009521,63.0,False
36919773.0,[12707.0],16.4378509521,21.0,False
36919774.0,"[12832.0, 12827.0]",9.522315979,10.5,False
36919775.0,[12707.0],16.4378509521,21.0,False
36919776.0,"[12707.0, 7262.0]",25.92617034907,42.0,False
36919999.0,"[15062.0, 7307.0]",6.63813018799,21.0,False
36920001.0,"[15990.0, 15062.0]",25.889511108380002,42.0,False
36920002.0,"[7604.0, 20349.0, 20368.0, 15990.0, 10942.0, 15062.0, 20722.0]",461.63497924808,504.0,False
36920003.0,"[20368.0, 15062.0]",69.63945007328,84.0,False
36920006.0,"[1917.0, 12707.0, 15062.0, 7307.0]",115.37624359128999,126.0,False
36920013.0,[12707.0],16.4378509521,21.0,False
36920173.0,"[12707.0, 15062.0]",17.88124084468,21.0,False
36920175.0,"[12707.0, 7307.0, 15062.0]",23.07598114009,42.0,False
36920180.0,[7262.0],9.48831939697,21.0,False
36920181.0,"[1917.0, 12707.0, 799.0, 12698.0, 15062.0]",354.88267517058006,357.0,False
36920182.0,[7262.0],9.48831939697,21.0,False
36920184.0,"[12707.0, 15062.0]",17.88124084468,21.0,False
36920187.0,"[12707.0, 15062.0]",17.88124084468,21.0,False
36920188.0,"[12707.0, 15062.0]",17.88124084468,21.0,False
36920189.0,"[12707.0, 15062.0]",17.88124084468,21.0,False
36920192.0,[7262.0],9.48831939697,21.0,False
36920195.0,"[1917.0, 12707.0, 15062.0, 7307.0]",115.37624359128999,126.0,False
36920196.0,"[12707.0, 15062.0]",17.88124084468,21.0,False
36920210.0,"[7307.0, 20722.0, 15062.0]",32.86167907719,42.0,False
36920219.0,"[12707.0, 7307.0, 15062.0]",23.07598114009,42.0,False
36920221.0,"[12707.0, 12712.0, 1917.0, 7307.0]",419.96189117471,420.0,False
36920376.0,[],0.0,0.0,True
36920479.0,[12707.0],16.4378509521,21.0,False
36920482.0,[12707.0],16.4378509521,21.0,False
36920483.0,[12707.0],16.4378509521,21.0,False
36920487.0,"[20514.0, 20513.0, 12707.0, 12824.0, 12832.0, 12827.0, 7307.0]",307.95352935821,315.0,False
36920488.0,"[4961.0, 9023.0, 7262.0]",314.13684844997,315.0,False
36920489.0,"[12683.0, 12692.0, 12707.0, 20514.0, 12832.0]",669.84611511323,672.0,False
36920491.0,"[12707.0, 7262.0]",25.92617034907,42.0,False
36920494.0,[12707.0],16.4378509521,21.0,False
36920495.0,"[12832.0, 12827.0]",9.522315979,10.5,False
36920496.0,[],0.0,0.0,True
36920498.0,[12707.0],16.4378509521,21.0,False
36920499.0,[12707.0],16.4378509521,21.0,False
36920504.0,"[12707.0, 12832.0]",18.87823486323,21.0,False
36920510.0,"[20722.0, 21307.0, 15062.0, 7307.0]",128.53255462649003,168.0,False
36920511.0,"[20722.0, 21307.0, 15062.0, 7307.0, 15990.0]",152.97867584229002,168.0,False
36920512.0,"[5523.0, 20722.0, 15062.0, 15990.0, 7307.0]",152.97867584229,168.0,False
36920516.0,"[20722.0, 5523.0, 15062.0]",123.33781433108001,126.0,False
36920606.0,[],0.0,0.0,True
36920713.0,[],0.0,0.0,True
36920714.0,[],0.0,0.0,True
36920761.0,[],0.0,0.0,True
