OBJECTID,סמל רחוב,שם רחוב,מספר בית,קוד שימוש,שימוש במבנה,מספר קומות,מספר כניסות,מספר דירות,שכבה,קוד רחוב 2,שם רחוב 2,Shape,שטח מעטפת במטר מרובע,היקף מעטפת במטרים
36682972,1117,קורות העיתים,6, , ,4,2,16,2200,0000, ,,345.7287139892578,107.00459045105777
36682973,0988,הרב שרירא גאון,4, , ,4,3,3,2200,0000, ,,269.4101104736328,91.70856839297208
36682974,1117,קורות העיתים,8, , ,3,1,10,2200,0000, ,,275.47544860839844,87.49920208592864
36682975,1090,העילוי,12, , ,4,1,11,2200,0000, ,,192.7876434326172,75.60492963621768
36682976,1086,בן ציון,14, , ,4,1,10,2200,0000, ,,302.8261260986328,72.2391012144933
36682977,1086,בן ציון,12, , ,4,4,32,2200,0000, ,,755.9577941894531,191.933085382573
36682978,1086,בן ציון,8, , ,4,1,8,2200,0000, ,,210.0941162109375,64.47974929537217
36682979,1086,בן ציון,4, , ,2,2,2,2200,0000, ,,297.73646545410156,80.03129170887402
36682980,1090,העילוי,9, , ,4,1,12,2200,0000, ,,304.97991943359375,85.82895348178653
36682981,0945,תכלת מרדכי,17, , ,6,1,11,2200,0000, ,,548.6002502441406,136.15652959958211
36682982,0315,אלקנה,13, , ,4,1,5,2200,0000, ,,273.6063232421875,92.32779090768324
36682983,0963,ראש פינה,1, , ,3,3,18,2200,0000, ,,662.4404296875,174.27286303297637
36682984,0315,אלקנה,15, , ,3,1,10,2200,0000, ,,276.84161376953125,93.85351646249737
36682985,0944,המ''ג,21, , ,6,2,22,2200,0000, ,,442.56837463378906,96.76077078790023
36682986,0315,אלקנה,21, , ,3,1,6,2200,0000, ,,252.02557373046875,81.73744540343024
36682987,0937,ירמיהו,2,ע, ,3,2,20,2200,0000, ,,664.2386627197266,167.66478858871344
36682988,0301,בר אילן,36, , ,3,1,7,2200,0000, ,,267.2965545654297,78.38419932642745
36682989,0315,אלקנה,11, , ,4,1,4,2200,0000, ,,253.4078826904297,88.37680522919334
36682990,0944,המ''ג,26, , ,4,3,42,2200,0000, ,,628.8582305908203,169.1106197705862
36682991,0945,תכלת מרדכי,17, , ,4,1,36,2200,0000, ,,498.3424072265625,126.39523197969018
36682992,0907,שמגר,17, ,ישיבה,1,1,0,2200,0000, ,,253.09437561035156,76.5293631397691
36682993,0301,בר אילן,34, , ,4,1,7,2200,0000, ,,204.36021423339844,64.57532990243422
36682994,0964,זכרון יעקב,19, , ,8,2,18,2200,0000, ,,513.8380279541016,113.52962246504768
36682995,0954,גדרה,6, , ,2,2,6,2200,0000, ,,260.1328125,79.96461403162027
36682996,0314,עלי הכהן,3, , ,4,2,16,2200,0000, ,,362.7790222167969,105.25301220749363
36682997,0925,פתח תקווה,3, , ,5,3,30,2200,0000, ,,821.3575134277344,172.90615958238143
36682998,4907,מנחת יצחק,17, , ,2,1,20,2200,0000, ,,266.2670593261719,82.10786159161975
36682999,0315,אלקנה,17, , ,4,2,12,2200,0000, ,,414.5031280517578,149.75222372641133
36683000,0952,הרב סורוצקין,2, , ,4,2,16,2200,0000, ,,533.1818695068359,159.8595800683714
36683001,0315,אלקנה,9, , ,4,1,7,2200,0000, ,,199.9922637939453,85.98433408656325
36683002,0314,עלי הכהן,5, , ,4,1,6,2200,0000, ,,185.1191864013672,64.62107608867609
36683003,0945,תכלת מרדכי,19, , ,7,1,11,2200,0000, ,,543.9194641113281,135.8128172485382
36683004,0944,המ''ג,25, , ,6,2,28,2200,0000, ,,464.8868865966797,128.08486373985437
36683005,0315,אלקנה,8, , ,4,4,43,2200,0000, ,,934.5707397460938,261.7462409572386
36683006,0315,אלקנה,7, , ,4,1,6,2200,0000, ,,206.48802185058594,75.73654176165806
36683007,4907,מנחת יצחק,16, , ,7,4,64,2200,0000, ,,2484.8939666748047,413.02489049168526
36683008,0954,גדרה,6, , ,5,6,13,2200,0000, ,,563.4678039550781,152.53604509248336
36683009,0105,יוסף זיו,3, , ,3,1,0,2200,0000, ,,386.852294921875,85.9959585629114
36677684,1908,יובב,25, , ,1,1,1,2200,0000, ,,117.5413818359375,45.175540059790315
36677685,1908,יובב,23, , ,1,1,1,2200,0000, ,,166.55233764648438,61.822925158297956
36677686,1354,הכפיר,4, , ,2,1,1,2200,0000, ,,97.88151550292969,43.81764514123388
36677687,1354,הכפיר,51, , ,2,1,1,2200,0000, ,,93.15428161621094,45.87887802393217
36677688,1349,חוזה סן מרטין,23,ע, ,4,3,18,2200,0000, ,,452.7384033203125,109.14199485987187
36677689,1301,השומר,0, , ,1,1,0,2200,0000, ,,214.562744140625,67.2313004874423
36677690,1306,אליעזר מרגולין,1, , ,2,2,12,2200,0000, ,,499.4028625488281,179.53253699984566
36677691,1306,אליעזר מרגולין,1, , ,2,1,6,2200,0000, ,,50.13438415527344,37.74405297106841
36677692,1301,השומר,21, , ,3,4,24,2200,0000, ,,523.4039611816406,174.9969812300641
36677693,1301,השומר,19, , ,3,4,24,2200,0000, ,,918.9821014404297,255.26447349339998
36677694,1301,השומר,17, , ,3,5,30,2200,0000, ,,720.0392150878906,247.29844635270572
36677695,1301,השומר,0, , ,1,1,0,2200,0000, ,,77.95553588867188,37.15280040837146
36677696,1301,השומר,13, , ,2,4,8,2200,0000, ,,737.0009460449219,221.46354062672995
36677697,1301,השומר,15, , ,2,4,16,2200,0000, ,,506.41001892089844,170.80901568568714
36677698,1305,יצחק שדה,6, , ,2,2,8,2200,0000, ,,429.85400390625,157.7850608147892
36677699,1305,יצחק שדה,8, , ,2,4,16,2200,0000, ,,520.2492523193359,175.12088658704917
36677700,1361,בר יוחאי,16, , ,2,1,0,2200,0000, ,,425.3969421386719,85.7280260383156
36677701,1361,בר יוחאי,14, , ,4,3,24,2200,0000, ,,442.5818405151367,107.49294726474221
36677702,1361,בר יוחאי,12, , ,4,3,24,2200,0000, ,,406.73487854003906,112.69761903875141
36677703,1361,בר יוחאי,10, , ,4,3,24,2200,0000, ,,419.6935577392578,102.79320910515084
36677704,1349,חוזה סן מרטין,24, , ,4,3,24,2200,0000, ,,390.59913635253906,93.4755109244391
36677705,1349,חוזה סן מרטין,26, , ,4,3,24,2200,0000, ,,392.58177185058594,103.07654861274699
36677706,1349,חוזה סן מרטין,28, , ,4,3,24,2200,0000, ,,418.54762268066406,115.04018852324025
36677707,1349,חוזה סן מרטין,30, , ,4,3,24,2200,0000, ,,526.7367401123047,117.9338422881095
36677708,1349,חוזה סן מרטין,32, , ,5,1,16,2200,1361,בר יוחאי,,181.55349731445312,57.38343873189352
36677709,1361,בר יוחאי,13, , ,5,8,80,2200,1361,בר יוחאי,,978.8428802490234,202.26974089741958
36677710,1361,בר יוחאי,11, , ,5,10,100,2200,1361,בר יוחאי,,961.3961944580078,220.13551848679498
36677711,1361,בר יוחאי,9, , ,2,1,0,2200,0000, ,,172.17076110839844,56.57757764469066
36677712,1361,בר יוחאי,7, , ,5,8,72,2200,0000, ,,1073.5274200439453,225.03527298173412
36677713,1361,בר יוחאי,5, , ,5,8,72,2200,0000, ,,1061.4007263183594,226.19915463103928
36677714,1361,בר יוחאי,0, , ,1,2,0,2200,0000, ,,370.1058654785156,100.24135514666358
36677715,1435,דב יוסף,0, , ,2,1,1,2200,0000, ,,251.0330352783203,73.72814158691857
36677716,1361,בר יוחאי,15, , ,5,8,80,2200,1367,אברהם אלמליח,,1032.5597381591797,212.25267441647122
36677717,1349,חוזה סן מרטין,22, , ,4,3,24,2200,0000, ,,435.19124603271484,128.5618736243819
36677718,1349,חוזה סן מרטין,18, , ,5,7,70,2200,0000, ,,999.8498611450195,231.34981739933784
36677719,1349,חוזה סן מרטין,21,ע, ,3,3,18,2200,0000, ,,391.90452575683594,90.69370119067008
36677720,1360,רבי צדוק,11, , ,4,1,16,2200,0000, ,,344.74961853027344,76.93427332818754
36677721,1349,חוזה סן מרטין,13, , ,3,3,18,2200,0000, ,,450.8514862060547,100.02846404589059
36677722,1367,אברהם אלמליח,31, , ,2,8,8,2200,0000, ,,861.7454986572266,219.60488406955884
36677723,3041,רקם,47, , ,1,1,1,2200,1307,גולומב,,249.65699005126953,78.37648526630625
36677724,3041,רקם,47, , ,1,1,1,2200,1307,גולומב,,242.4007797241211,90.33128359478532
36677725,3041,רקם,47, , ,1,1,1,2200,1307,גולומב,,188.07704162597656,72.24359300165561
36677726,3041,רקם,45, , ,2,1,1,2200,1307,גולומב,,192.78497314453125,60.201245813038526
36677727,3041,רקם,35, , ,2,1,1,2200,0000, ,,116.48895263671875,51.06076706513114
36677728,3041,רקם,33, , ,2,2,2,2200,0000, ,,370.66858673095703,112.01278490081832
36677729,1307,גולומב,142, , ,2,1,1,2200,0000, ,,383.5099411010742,103.64556957919493
36677730,3041,רקם,15, , ,2,2,2,2200,0000, ,,516.8161697387695,171.25906188615642
36677731,3041,רקם,8, , ,2,1,1,2200,0000, ,,212.17660522460938,62.437305671203376
36677732,3041,רקם,6, , ,2,1,1,2200,0000, ,,181.05008697509766,73.68806097873207
36677733,1435,דב יוסף,0, , ,2,1,2,2200,0000, ,,169.64531707763672,58.097597307617946
36677734,1435,דב יוסף,0, , ,1,1,1,2200,0000, ,,140.30701446533203,61.206369692541564
36677735,1435,דב יוסף,0, , ,2,1,2,2200,0000, ,,140.27049255371094,51.6985366211688
36677736,1435,דב יוסף,0, , ,2,2,2,2200,0000, ,,314.0035095214844,107.18951999458484
36677737,1435,דב יוסף,0, , ,3,1,2,2200,0000, ,,114.05158233642578,47.27655385396153
36677738,1435,דב יוסף,0, , ,2,2,4,2200,0000, ,,209.37060546875,68.74866594952124
36677739,1435,דב יוסף,0, , ,2,2,2,2200,0000, ,,284.0392150878906,92.83710280365098
36677740,1435,דב יוסף,0, , ,2,2,5,2200,0000, ,,251.1746368408203,78.70124368674507
36677741,1435,דב יוסף,0, , ,2,1,2,2200,0000, ,,138.27471923828125,49.68908825218995
36677742,0000, ,0, , ,1,1,0,2200,0000, ,,145.17196655273438,52.62626565488802
36677743,0000, ,0, , ,1,1,0,2200,0000, ,,107.95545959472656,44.54416908880733
36677744,0000, ,0, , ,1,1,0,2200,0000, ,,163.81688690185547,53.81250664438322
36677745,0000, ,0, , ,1,1,0,2200,0000, ,,234.5870590209961,76.22102147065155
36677746,1435,דב יוסף,0, , ,1,1,3,2200,0000, ,,86.76661682128906,39.99379843626885
36677747,1435,דב יוסף,0, , ,1,1,2,2200,0000, ,,74.70783996582031,37.69320707698857
36677748,1435,דב יוסף,0, , ,2,1,1,2200,0000, ,,63.474029541015625,33.58810636239222
36677749,1457,הנמר,11, , ,5,5,60,2200,0000, ,,4366.819244384766,818.7036481155484
36677750,1354,הכפיר,155, , ,2,3,3,2200,0000, ,,416.8129577636719,153.5107748695841
36677751,1354,הכפיר,209, , ,2,3,3,2200,0000, ,,376.20040130615234,152.1840149848117
36677752,1356,הדב,2, , ,2,6,6,2200,0000, ,,698.1889038085938,296.043720177415
36677753,1351,הדישון,8, , ,6,10,54,2200,0000, ,,5210.824836730957,1115.6017669537025
36677754,1352,האייל,50, , ,3,8,22,2200,0000, ,,1738.6238708496094,254.95290682240002
36677755,1352,האייל,46, , ,5,2,8,2200,0000, ,,470.10816955566406,103.18616042978323
36677756,1352,האייל,44, , ,5,2,8,2200,0000, ,,376.5576705932617,126.95166259517963
36677757,1352,האייל,47, , ,6,2,12,2200,1456,היען,,855.7489700317383,166.08235800531233
36677758,1352,האייל,41, , ,6,2,12,2200,1456,היען,,852.2319412231445,195.44868191455578
36677759,1352,האייל,39, , ,2,1,1,2200,0000, ,,199.33462524414062,73.86217112517778
36677760,1456,היען,16, , ,2,1,1,2200,0000, ,,218.65778350830078,75.7223964630438
36677761,1356,הדב,8, , ,2,3,3,2200,0000, ,,298.5918884277344,111.39707173762179
36677762,1356,הדב,12, , ,2,1,1,2200,0000, ,,126.4015884399414,60.7958160265778
36677763,1354,הכפיר,171, , ,2,7,7,2200,0000, ,,894.7552642822266,281.9530032717967
36677764,1354,הכפיר,177, , ,2,1,1,2200,0000, ,,112.44145965576172,47.41809627895694
36677765,1354,הכפיר,175, , ,2,1,1,2200,0000, ,,134.8321075439453,56.64166640822509
36677766,1456,היען,185, , ,2,1,1,2200,0000, ,,109.50440979003906,48.02221144711747
36677767,1456,היען,186, , ,2,1,1,2200,1354,הכפיר,,112.58370208740234,55.140502011933926
36677768,1354,הכפיר,201, , ,2,2,2,2200,0000, ,,271.98340606689453,96.1257243137242
36677769,1354,הכפיר,191, , ,2,1,1,2200,0000, ,,207.53594970703125,75.19235467673818
36677770,1354,הכפיר,193, , ,2,1,1,2200,0000, ,,126.59838104248047,48.63479863361806
36677771,1354,הכפיר,205, , ,2,2,2,2200,0000, ,,200.61292266845703,92.63687530619706
36677772,1354,הכפיר,211, , ,2,2,2,2200,0000, ,,235.753173828125,96.88125186679784
36677773,1354,הכפיר,213, , ,2,2,2,2200,0000, ,,208.97833251953125,88.56922722981867
36677774,1354,הכפיר,221, , ,2,2,2,2200,0000, ,,277.93870544433594,95.0194538185946
36677775,1354,הכפיר,223, , ,2,2,2,2200,0000, ,,224.88724517822266,91.50642038365457
36677776,1354,הכפיר,120, , ,3,3,3,2200,0000, ,,315.75203704833984,139.96788952990377
36677777,1457,הנמר,23, , ,5,2,30,2200,0000, ,,1807.9073867797852,334.8850652848458
36677778,1457,הנמר,17, , ,5,2,26,2200,0000, ,,1909.5037460327148,403.45497876495097
36677779,1456,היען,11, , ,3,1,1,2200,0000, ,,227.54718780517578,69.1248469023457
36677780,1354,הכפיר,231, , ,2,1,2,2200,0000, ,,268.3100280761719,70.77917187970083
36677781,1352,האייל,42, , ,5,1,7,2200,0000, ,,188.8210220336914,60.688334219355056
36677782,1351,הדישון,9, , ,4,6,52,2200,1457,הנמר,,2719.1146926879883,580.1662431330444
36677783,1356,הדב,16, , ,2,1,1,2200,0000, ,,61.3001708984375,31.912257739577946
36677784,1356,הדב,14, , ,2,1,1,2200,0000, ,,95.20112609863281,50.506104539199264
36677785,1354,הכפיר,10, , ,2,1,1,2200,0000, ,,86.8819808959961,49.64578079499067
36677786,1356,הדב,18, , ,2,1,1,2200,0000, ,,59.42913818359375,31.398402430058667
36677787,1354,הכפיר,101, , ,3,1,1,2200,0000, ,,90.30316925048828,49.10986435780799
36677788,1354,הכפיר,103, , ,2,1,1,2200,0000, ,,89.89759063720703,50.03040317506898
36677789,1354,הכפיר,105, , ,2,1,1,2200,0000, ,,80.29622650146484,49.60363500127589
36677790,1354,הכפיר,99, , ,3,1,1,2200,0000, ,,89.695068359375,42.08336986276058
36677791,1356,הדב,19, , ,3,1,1,2200,0000, ,,94.14967346191406,49.20008190814186
36677792,1356,הדב,21, , ,3,1,1,2200,0000, ,,95.23632049560547,49.83493889780074
36677793,1356,הדב,9, , ,3,1,1,2200,0000, ,,90.55632019042969,48.421887448293916
36677794,1356,הדב,15, , ,3,1,1,2200,0000, ,,91.45098114013672,48.673480642258596
36677795,1356,הדב,13, , ,3,1,1,2200,0000, ,,89.54937744140625,45.43889691205194
36677796,1352,האייל,36, , ,3,1,1,2200,0000, ,,227.2586669921875,68.99318422178744
36677797,1352,האייל,27, , ,2,1,2,2200,0000, ,,274.4823532104492,76.89207933426412
36677798,1336,חנוך קלעי,11, , ,3,2,2,2200,0000, ,,127.9053726196289,49.66601055434756
36677799,1354,הכפיר,69, , ,3,1,1,2200,0000, ,,112.29251098632812,51.72173363358483
36677800,1354,הכפיר,233, , ,2,2,3,2200,0000, ,,453.9510726928711,111.1426279054999
36677801,1354,הכפיר,152, , ,3,1,1,2200,0000, ,,82.79039764404297,42.882053484289756
36677802,1354,הכפיר,154, , ,3,1,1,2200,0000, ,,97.71769714355469,54.81401710913417
36677803,1297,אברהם שטרן,20, , ,2,4,24,2200,0000, ,,701.2339859008789,126.24024802804936
36677804,1910,עמשא,82, , ,2,1,1,2200,0000, ,,254.4525909423828,84.18000189987245
36677805,1352,האייל,32, , ,1,1,0,2200,0000, ,,117.43342590332031,45.33621225000939
36677806,3044,ערד,17, , ,2,2,2,2200,0000, ,,347.44078826904297,129.5965886381242
36677807,3044,ערד,18, , ,2,2,2,2200,0000, ,,724.8609161376953,180.14963065504804
36677808,1336,חנוך קלעי,5, , ,2,1,1,2200,0000, ,,208.9883804321289,60.385068247382755
36677809,1336,חנוך קלעי,3, , ,2,1,1,2200,0000, ,,404.19622802734375,95.72070042416793
36677810,1354,הכפיר,239, , ,3,1,1,2200,0000, ,,297.4728240966797,95.74636606826594
36677811,1354,הכפיר,241, , ,2,1,1,2200,0000, ,,273.1528625488281,83.84161050874184
36677812,3044,ערד,13, , ,2,1,1,2200,0000, ,,112.12167358398438,50.31940207644676
36677813,1354,הכפיר,243, , ,3,3,3,2200,1352,האייל,,253.48551177978516,87.85138252099023
36677814,1352,האייל,24, , ,2,1,1,2200,0000, ,,142.7378387451172,60.58872718935219
36677815,1352,האייל,26, , ,2,3,2,2200,0000, ,,785.3554992675781,192.28797986616033
36677816,1910,עמשא,86, , ,2,1,1,2200,0000, ,,125.08012390136719,55.36328424759802
36677817,1910,עמשא,92, , ,1,1,1,2200,0000, ,,156.59868621826172,58.386660463585955
36677818,3044,ערד,14, , ,2,1,1,2200,0000, ,,144.55553436279297,63.090404679733346
36677819,3044,ערד,12, , ,2,1,1,2200,0000, ,,173.81644439697266,56.09759994881504
36677820,1352,האייל,23, , ,1,1,1,2200,0000, ,,81.98603820800781,38.84267204548668
36677821,1910,עמשא,88, , ,2,1,2,2200,0000, ,,99.77351379394531,45.562343510946725
36677822,1910,עמשא,72, , ,3,2,2,2200,0000, ,,99.79823303222656,48.22804560573171
36677823,1352,האייל,23, , ,1,1,1,2200,0000, ,,72.84048461914062,35.89990107215916
36677824,1351,הדישון,26, , ,4,1,1,2200,0000, ,,226.64933013916016,66.39464214405164
36677825,1352,האייל,32, , ,1,1,1,2200,0000, ,,177.69184112548828,74.3193124241507
36677826,1336,חנוך קלעי,9, , ,3,2,2,2200,0000, ,,242.93404388427734,84.93535920212656
36677827,1336,חנוך קלעי,7, , ,1,1,1,2200,0000, ,,183.07170867919922,65.33189415354093
36677828,1354,הכפיר,166, , ,2,2,2,2200,0000, ,,292.7703323364258,79.82252097053794
36677829,1354,הכפיר,156, , ,1,1,0,2200,0000, ,,134.4071807861328,58.202012528186835
36677830,1354,הכפיר,56, , ,2,2,2,2200,0000, ,,183.50072479248047,96.40594885966722
36677831,1354,הכפיר,235, , ,2,1,2,2200,0000, ,,211.3379898071289,63.17893977262899
36677832,1456,היען,1, , ,3,1,1,2200,0000, ,,145.1552734375,68.33366106540733
36677833,1338,ניקנור,216, , ,3,3,18,2200,0000, ,,589.2676391601562,160.75099641090225
36677834,1335,ברניקי,17, , ,3,3,6,2200,0000, ,,283.6390075683594,86.02796302290756
36677835,1335,ברניקי,15, , ,3,3,6,2200,0000, ,,293.6600799560547,112.34633738166801
36677836,1335,ברניקי,13, , ,2,1,4,2200,0000, ,,384.0536651611328,127.29712239696418
36677837,1335,ברניקי,4, , ,2,1,4,2200,0000, ,,367.19873046875,108.52201375790676
36677838,1335,ברניקי,10, , ,2,2,2,2200,0000, ,,293.4851989746094,106.8086948332263
36677839,1335,ברניקי,11, , ,3,2,2,2200,0000, ,,270.02557373046875,83.50491640637497
36677840,1335,ברניקי,7, , ,2,2,3,2200,0000, ,,412.77256774902344,111.30757921103229
36677841,1335,ברניקי,3, , ,2,1,4,2200,0000, ,,341.4013671875,91.6383220848796
36677842,1334,הורקניה,19, , ,2,2,5,2200,0000, ,,462.81402587890625,132.08405798535975
36677843,1334,הורקניה,17, , ,3,2,5,2200,0000, ,,335.2053680419922,121.24111029449878
36677844,1334,הורקניה,13, , ,3,2,5,2200,0000, ,,369.8643798828125,130.41606499077366
36677845,1335,ברניקי,16, , ,2,1,2,2200,0000, ,,348.96925354003906,114.40913368785
36677846,1338,ניקנור,30, , ,4,2,14,2200,0000, ,,314.5852966308594,96.48319514913285
36677847,1363,חננאל,30, , ,3,1,2,2200,1338,ניקנור,,289.0818176269531,86.69897441246485
36677848,1334,הורקניה,11, , ,3,2,2,2200,0000, ,,376.65965270996094,117.14637829447504
36677849,1338,ניקנור,28, , ,3,2,12,2200,0000, ,,309.8321533203125,100.63020544983394
36677850,0000, ,33, , ,3,2,3,2200,1338,ניקנור,,329.9025573730469,88.10437444278908
36677851,0000, ,31, , ,3,2,2,2200,1338,ניקנור,,337.0082550048828,96.30610979901886
36677852,1335,ברניקי,5, , ,2,1,4,2200,0000, ,,267.8055419921875,84.81431237937367
36677853,1363,חננאל,33, , ,2,1,2,2200,0000, ,,507.4060516357422,125.36919964818287
36677854,1415,התקופה,28, , ,4,2,16,2200,0000, ,,434.3826446533203,104.56862768088114
36677855,1338,ניקנור,37, , ,4,1,6,2200,0000, ,,205.54527282714844,59.617962232529145
36677856,4381,אל בוטמה,0, , ,6,1,1,2200,0000, ,,184.30947875976562,60.376718276760144
36677857,4130,,0, , ,3,1,2,2200,0000, ,,352.0402374267578,77.21263063111728
36677858,4381,אל בוטמה,0, , ,3,2,4,2200,0000, ,,268.25096130371094,89.39491581408171
36677859,4381,אל בוטמה,0, , ,3,3,3,2200,0000, ,,381.77935791015625,117.81554020400779
36677860,4202,,0, , ,3,2,3,2200,0000, ,,374.7667770385742,93.78506782499086
36677861,1435,דב יוסף,0, , ,1,1,1,2200,0000, ,,152.1754150390625,59.36297366587469
36677862,4202,,0, , ,2,1,1,2200,0000, ,,175.36952209472656,65.35866037564894
36677863,4381,אל בוטמה,0, , ,3,2,3,2200,0000, ,,376.8885192871094,80.58896699498511
36677864,4384,א שיפא,0, , ,2,1,2,2200,0000, ,,301.9905700683594,83.72719616236485
36677865,4384,א שיפא,0, , ,2,1,2,2200,0000, ,,150.59933471679688,66.86747174549696
36677866,4384,א שיפא,0, , ,2,1,1,2200,0000, ,,271.21849060058594,75.51346349271991
36677867,4384,א שיפא,0, , ,2,1,1,2200,0000, ,,153.21534729003906,51.88660318640317
36677868,4381,אל בוטמה,0, , ,3,1,2,2200,0000, ,,171.3754425048828,61.77570093672962
36677869,4381,אל בוטמה,0, , ,3,1,1,2200,0000, ,,269.5188751220703,83.06347281830536
36677870,4384,א שיפא,0, , ,2,1,2,2200,0000, ,,323.6118927001953,93.28454002282348
36677871,4384,א שיפא,0, , ,1,1,1,2200,0000, ,,399.8487548828125,127.08467104214793
36677872,4384,א שיפא,0, , ,3,1,2,2200,0000, ,,226.02513122558594,69.1879966596866
36677873,4384,א שיפא,0, , ,2,1,1,2200,0000, ,,122.20549011230469,51.99020062331772
36677874,4384,א שיפא,0, , ,3,1,2,2200,0000, ,,213.63221740722656,62.05065188744027
36677875,4384,א שיפא,0, , ,2,1,2,2200,0000, ,,131.67726135253906,47.66886991131414
36677876,4384,א שיפא,0, , ,2,3,3,2200,0000, ,,422.2902069091797,134.63308352039076
36677877,4384,א שיפא,0, , ,2,1,2,2200,0000, ,,149.41726684570312,53.288762152738244
36677878,4384,א שיפא,0, , ,2,1,2,2200,0000, ,,132.93910217285156,52.24807569604797
36677879,4366,א רחמה,0, , ,2,3,2,2200,0000, ,,625.7894744873047,192.5591799471694
36677880,4384,א שיפא,0, , ,1,1,2,2200,0000, ,,262.34771728515625,80.76131074229089
36677881,4384,א שיפא,0, , ,2,2,5,2200,0000, ,,313.73358154296875,116.15189705518824
36677882,4384,א שיפא,0, , ,3,3,6,2200,0000, ,,368.38987731933594,113.72832645477094
36677883,4384,א שיפא,0, , ,2,2,5,2200,0000, ,,119.82804870605469,54.13162884559955
36677884,4384,א שיפא,0, , ,2,1,1,2200,0000, ,,192.28445434570312,63.25356117293747
36677885,4384,א שיפא,0, , ,1,3,7,2200,0000, ,,294.7791442871094,91.8772607582853
36677886,4384,א שיפא,0, , ,2,2,4,2200,0000, ,,265.9182891845703,92.01141468524911
36677887,1309,קנאי הגליל,23, , ,2,1,1,2200,0000, ,,280.72113037109375,98.12589915777927
36677888,1309,קנאי הגליל,21, , ,2,1,4,2200,0000, ,,340.11863708496094,98.48469673165181
36677889,1310,אלעזר בן יאיר,18, , ,3,2,5,2200,0000, ,,298.37506103515625,112.83530143708883
36677890,1310,אלעזר בן יאיר,22, , ,2,1,4,2200,0000, ,,317.6947937011719,83.1805732850191
36677891,1310,אלעזר בן יאיר,23, , ,2,2,16,2200,0000, ,,477.79640197753906,130.91397278191346
36677892,1311,אלכסנדריון,24, , ,3,2,2,2200,0000, ,,292.1393280029297,109.89778388316707
36677893,1311,אלכסנדריון,22, , ,2,2,6,2200,0000, ,,264.537353515625,89.05766667362312
36677894,1311,אלכסנדריון,20, , ,2,1,3,2200,0000, ,,267.2089080810547,76.06887199987412
36677895,1311,אלכסנדריון,18, , ,3,1,5,2200,0000, ,,330.07252502441406,89.85438134119802
36677896,1311,אלכסנדריון,16, , ,2,1,5,2200,0000, ,,274.7402801513672,79.40835775470867
36677897,1311,אלכסנדריון,9, , ,2,1,2,2200,0000, ,,291.4598846435547,88.01524005673367
36677898,1311,אלכסנדריון,6, , ,2,1,4,2200,0000, ,,294.4223937988281,93.92990370917896
36677899,1312,טוביה,4, , ,2,2,10,2200,0000, ,,340.00218200683594,86.88532524771581
36677900,1312,טוביה,8, , ,4,2,10,2200,0000, ,,518.0376434326172,165.70406407185163
36677901,1310,אלעזר בן יאיר,21, , ,2,2,12,2200,0000, ,,462.1291046142578,135.46994322626207
36677902,1390,אריה בעהם,3, , ,4,2,16,2200,0000, ,,508.2409210205078,117.67986602796111
36677903,1334,הורקניה,1, , ,3,2,4,2200,0000, ,,194.6207733154297,73.73404263297266
36677904,1310,אלעזר בן יאיר,12, , ,3,2,7,2200,0000, ,,359.3350067138672,117.02822808303583
36677905,1310,אלעזר בן יאיר,7, , ,2,1,4,2200,0000, ,,297.4247131347656,105.07320299159748
36677906,1310,אלעזר בן יאיר,5, , ,2,1,1,2200,0000, ,,570.5536499023438,165.379700142192
36677907,1311,אלכסנדריון,4, , ,2,1,4,2200,0000, ,,186.47222900390625,64.98945841877432
36677908,1312,טוביה,2, , ,2,2,8,2200,0000, ,,663.8512725830078,192.70465746388135
36677909,1311,אלכסנדריון,3, , ,3,2,5,2200,0000, ,,209.8739013671875,83.59387252805139
36677910,1311,אלכסנדריון,1, , ,3,2,6,2200,0000, ,,316.8011016845703,94.61730707464635
36677911,1334,הורקניה,3, , ,2,2,2,2200,0000, ,,237.4018096923828,62.67127475887184
36677912,1337,יהודה הנשיא,15, , ,2,1,4,2200,0000, ,,174.85723876953125,75.459615235034
36677913,1337,יהודה הנשיא,15, , ,3,2,5,2200,0000, ,,343.2841033935547,119.61499795968092
36677914,1314,יוסי בן יועזר,38, , ,5,1,30,2200,0000, ,,659.1471405029297,110.56641278727928
36677915,1318,אליעזר הגדול,5, , ,2,3,12,2200,0000, ,,526.4208068847656,155.6145404633607
36677916,1318,אליעזר הגדול,3, , ,2,1,4,2200,0000, ,,526.2696990966797,170.1843461974291
36677917,1321,רבן יוחנן בן זכאי,57, , ,2,3,3,2200,0000, ,,503.8216857910156,159.64007027212935
36677918,1316,אנטיגונוס,33, , ,2,2,32,2200,0000, ,,350.7070007324219,107.51828088326961
36677919,1316,אנטיגונוס,37, , ,2,2,8,2200,0000, ,,472.7548828125,110.47286311116628
36677920,1316,אנטיגונוס,35, , ,2,2,8,2200,0000, ,,542.1350250244141,188.4761133073801
36677921,1316,אנטיגונוס,30, , ,2,2,8,2200,0000, ,,549.0254974365234,153.2156562286998
36677922,1316,אנטיגונוס,32, , ,2,2,8,2200,0000, ,,550.1194610595703,148.93497622567887
36677923,1316,אנטיגונוס,30, , ,2,2,9,2200,0000, ,,544.0952301025391,164.5358901609329
36677924,1316,אנטיגונוס,42, , ,2,2,8,2200,0000, ,,573.8898315429688,165.16711318844904
36677925,1316,אנטיגונוס,51, , ,3,1,0,2200,0000, ,,246.74069213867188,66.24805976900069
36677926,1316,אנטיגונוס,24, , ,2,2,8,2200,0000, ,,552.7236022949219,142.06843465326622
36677927,1316,אנטיגונוס,29, , ,2,2,7,2200,0000, ,,458.7483825683594,142.25055279277524
36677928,1316,אנטיגונוס,31, , ,2,2,8,2200,0000, ,,400.36090087890625,98.47566792718747
36677929,1316,אנטיגונוס,28, , ,2,2,8,2200,0000, ,,424.08168029785156,125.68702307988896
36677930,1316,אנטיגונוס,28, , ,2,2,8,2200,0000, ,,586.0418548583984,145.21564886307954
36677931,1406,יצחק קצנלסון,8, , ,5,1,0,2200,0000, ,,600.9934234619141,126.74968419002835
36677932,1321,רבן יוחנן בן זכאי,56, , ,5,4,40,2200,1371,בן טבאי,,743.779541015625,129.99611216033745
36677933,1321,רבן יוחנן בן זכאי,58, , ,5,4,24,2200,0000, ,,556.9071502685547,120.36583685168398
36677934,1371,בן טבאי,4, , ,8,1,28,2200,1373,בני בתירא,,531.5958557128906,103.73231230505822
36677935,1373,בני בתירא,12, , ,8,1,0,2200,1371,בן טבאי,,515.3197021484375,109.16187875779573
36677936,1355,מעלה זאב,2, , ,1,1,1,2200,0000, ,,136.2701416015625,49.631231519106976
36677937,1334,הורקניה,5, , ,2,1,4,2200,0000, ,,305.2677764892578,90.86703086587842
36677938,1334,הורקניה,14, , ,5,1,14,2200,0000, ,,385.5177917480469,104.20392071205143
36677939,1334,הורקניה,20, , ,4,1,8,2200,0000, ,,191.1890869140625,60.90099252411325
36677940,1334,הורקניה,18, , ,4,1,8,2200,0000, ,,235.8399658203125,67.81175897788717
36677941,1334,הורקניה,16, , ,4,1,9,2200,0000, ,,297.17352294921875,87.55544106616003
36677942,1334,הורקניה,12, , ,5,1,14,2200,0000, ,,434.64337158203125,110.97068111165103
36677943,1315,רשב''ג,48, , ,2,1,1,2200,0000, ,,105.97039794921875,46.07211700779568
36677944,1315,רשב''ג,47, , ,2,2,8,2200,0000, ,,539.8737335205078,205.0517496203038
36677945,1314,יוסי בן יועזר,38, , ,5,1,30,2200,0000, ,,560.252685546875,98.8352154727258
36677946,1316,אנטיגונוס,35, , ,2,1,0,2200,0000, ,,325.0687713623047,79.21035365183901
36677947,1794,מקור חיים,48, , ,3,3,18,2200,0000, ,,662.7441253662109,156.84155978336875
36677948,1295,נהוראי,9, , ,4,2,16,2200,0000, ,,411.0291442871094,135.45713026752694
36677949,1295,נהוראי,5, , ,4,2,16,2200,0000, ,,393.48057556152344,130.02121500076893
36677950,1295,נהוראי,3, , ,4,2,16,2200,0000, ,,453.36900329589844,125.64609557341869
36677951,1315,רשב''ג,39, , ,3,2,2,2200,0000, ,,595.7734985351562,169.95189823375895
36677952,1315,רשב''ג,35, , ,2,1,4,2200,0000, ,,271.27685546875,77.32464104990616
36677953,1314,יוסי בן יועזר,35, , ,2,1,4,2200,0000, ,,245.27102661132812,85.61900198401325
36677954,1315,רשב''ג,40, , ,2,1,4,2200,0000, ,,416.61997985839844,123.56420107559131
36677955,1315,רשב''ג,36, , ,2,1,2,2200,0000, ,,214.20758056640625,75.90066984553853
36677956,1315,רשב''ג,34, , ,2,1,4,2200,0000, ,,251.12867736816406,89.23308029664452
36677957,1314,יוסי בן יועזר,43, , ,2,1,4,2200,0000, ,,227.61297607421875,94.45357286415893
36677958,1314,יוסי בן יועזר,39, , ,2,1,4,2200,0000, ,,373.04356384277344,111.96145775747783
36677959,1315,רשב''ג,29, , ,2,1,4,2200,0000, ,,323.35011291503906,79.84617063884907
36677960,1794,מקור חיים,143, , ,1,1,1,2200,0000, ,,199.77566528320312,72.36415383518973
36677961,1794,מקור חיים,0, , ,1,1,1,2200,0000, ,,222.83526611328125,71.5017457547077
36677962,1314,יוסי בן יועזר,37, , ,3,1,4,2200,0000, ,,344.9550323486328,105.4211105292125
36677963,1314,יוסי בן יועזר,41, , ,2,1,4,2200,0000, ,,329.0555725097656,113.31548081830172
36677964,1315,רשב''ג,38, , ,2,1,4,2200,0000, ,,283.9466552734375,101.63314398400307
36677965,1794,מקור חיים,0, , ,1,1,1,2200,0000, ,,277.0614776611328,76.26398136330299
36677966,1314,יוסי בן יועזר,35, , ,2,1,4,2200,0000, ,,311.20152282714844,107.24751557212424
36677967,1794,מקור חיים,32, , ,1,1,1,2200,0000, ,,95.48207092285156,39.94010861253111
36677968,1796,אביטל,4, , ,4,1,18,2200,0000, ,,373.335205078125,94.32354389803682
36677969,1795,צרת,2, , ,1,1,0,2200,1794,מקור חיים,,157.809814453125,58.150672829931445
36677970,1794,מקור חיים,38, , ,1,1,10,2200,0000, ,,680.1036682128906,127.05489513336647
36677971,1794,מקור חיים,36, , ,1,1,1,2200,0000, ,,405.31396484375,123.53570117892887
36677972,1796,אביטל,2, , ,1,1,1,2200,0000, ,,138.1998748779297,47.04434829234802
36677973,1794,מקור חיים,0, , ,2,1,1,2200,0000, ,,170.92523193359375,61.65089214169278
36677974,1797,הרכבים,1, , ,5,2,0,2200,1795,צרת,,432.0828094482422,97.15831638898844
36677975,1795,צרת,5, , ,6,2,0,2200,0000, ,,1692.0119171142578,272.8846512401665
36677976,1794,מקור חיים,29, , ,2,1,1,2200,0000, ,,161.49436950683594,61.14375238856334
36677977,1432,יעקב בן דב,1, , ,1,2,0,2200,0000, ,,113.31063842773438,53.9622309840414
36677978,1794,מקור חיים,27, , ,1,1,1,2200,0000, ,,105.78340148925781,44.26278019571541
36677979,1794,מקור חיים,27, , ,1,2,2,2200,0000, ,,279.8523712158203,120.92686049923236
36677980,1794,מקור חיים,29, , ,1,1,0,2200,0000, ,,120.06755065917969,45.557618571043335
36677981,1796,אביטל,11, , ,3,1,14,2200,0000, ,,472.7515563964844,99.20013922635488
36677982,1796,אביטל,10, , ,3,1,10,2200,0000, ,,466.1448974609375,125.43288691078543
36677983,1794,מקור חיים,53, , ,1,1,1,2200,0000, ,,177.713134765625,72.99489113883052
36677984,1794,מקור חיים,58, , ,3,1,6,2200,0000, ,,233.32118225097656,79.94874602877468
36677985,1794,מקור חיים,55, , ,1,1,1,2200,0000, ,,145.94390869140625,52.976967324614726
36677986,1314,יוסי בן יועזר,7, , ,2,1,4,2200,0000, ,,304.02256774902344,98.98759991140365
36677987,1314,יוסי בן יועזר,9, , ,2,1,4,2200,0000, ,,383.2655944824219,142.22228015234174
36677988,1315,רשב''ג,16, , ,2,2,0,2200,0000, ,,494.0594177246094,164.4961911994482
36677989,1315,רשב''ג,9, , ,2,2,0,2200,0000, ,,568.9897766113281,123.02138806790673
36677990,1366,מעגלי יבנה,16, , ,2,3,1,2200,0000, ,,329.1616668701172,112.23375821822496
36677991,1366,מעגלי יבנה,15, , ,4,4,28,2200,1366,מעגלי יבנה,,711.2941741943359,188.06635773565117
36677992,1794,מקור חיים,18, , ,2,1,1,2200,0000, ,,282.25250244140625,83.1797937691869
36677993,0305,מלכי ישראל,71, , ,3,1,9,2200,0000, ,,176.4176025390625,60.04170991344084
36677994,0305,מלכי ישראל,69, , ,3,1,5,2200,0000, ,,208.056396484375,66.2965608990238
36677995,0305,מלכי ישראל,67, , ,3,1,3,2200,0000, ,,184.99227905273438,64.3510098779672
36677996,0331,מירון,4, , ,2,2,2,2200,0000, ,,206.89157104492188,66.7204780147717
36677997,0322,יוסף בן מתתיהו,37, , ,2,1,1,2200,0000, ,,146.72735595703125,52.66550295576876
36677998,0322,יוסף בן מתתיהו,20, , ,4,5,4,2200,0000, ,,652.2681732177734,219.09934335192122
36677999,0000, ,29, , ,3,2,9,2200,0000, ,,287.7691650390625,84.28178139956164
36678000,0360,האמרכלים,25, , ,3,1,9,2200,0000, ,,221.03097534179688,78.33619631875514
36678001,0360,האמרכלים,23, , ,3,1,5,2200,0000, ,,179.6269989013672,62.23049057067718
36678002,0330,פקיעין,3, , ,3,1,4,2200,0000, ,,180.06700134277344,67.6533630989769
36678003,0360,האמרכלים,21, , ,3,1,2,2200,0000, ,,132.32217407226562,54.13353665825711
36678004,0000, ,3, , ,2,8,10,2200,0345,מיכאל וציפורה פינס,,744.5324249267578,198.76910355879642
36678005,0353,רבנו תם,3, , ,2,14,13,2200,0000, ,,520.9821472167969,134.63595092276663
36678006,0343,פרי חדש,44, , ,3,30,40,2200,0328,רש''י,,1983.9315338134766,441.84399586939344
36678007,0322,יוסף בן מתתיהו,12, , ,3,1,6,2200,0000, ,,224.451904296875,69.65868170255973
36678008,0343,פרי חדש,55, , ,4,1,4,2200,0000, ,,115.33712768554688,47.07340040402876
36678009,0346,יום טוב אלגזי,28, , ,4,2,4,2200,0000, ,,395.54296875,118.71200412386492
36678010,0346,יום טוב אלגזי,30, ,בי''כ עזרא דבאח,3,2,1,2200,0000, ,,264.7850341796875,91.67926698227755
36678011,0344,חפץ חיים,, , ,3,5,22,2200,0000, ,,498.1729431152344,133.30863794768496
36678012,0345,מיכאל וציפורה פינס,29, , ,4,15,26,2200,0346,יום טוב אלגזי,,1182.7065887451172,279.1581388857819
36678013,0376,דוד ילין,28, , ,4,7,19,2200,0000, ,,1949.0681457519531,435.1163599942532
36678014,0328,רש''י,28, , ,2,1,0,2200,0322,יוסף בן מתתיהו,,194.8007049560547,61.43320594470816
36678015,0328,רש''י,39, , ,3,1,0,2200,0322,יוסף בן מתתיהו,,350.4972381591797,95.47860816561284
36678016,0328,רש''י,30, , ,2,1,4,2200,0000, ,,251.44371032714844,85.33307232237229
36678017,0328,רש''י,32, , ,4,1,5,2200,0000, ,,159.21534729003906,53.62120084263909
36678018,0328,רש''י,47, , ,3,2,5,2200,0000, ,,169.6043243408203,58.43535190461122
36678019,0328,רש''י,43, , ,2,1,0,2200,0000, ,,95.27130126953125,43.62493874420663
36678020,0328,רש''י,20, , ,4,1,8,2200,0000, ,,150.1822052001953,50.767680858691556
36678021,0328,רש''י,18, , ,3,1,7,2200,0000, ,,162.72401428222656,59.21098399390063
36678022,0328,רש''י,16, , ,3,1,3,2200,0000, ,,208.67588806152344,62.41655126513515
36678023,0322,יוסף בן מתתיהו,12, , ,3,1,8,2200,0000, ,,207.0227508544922,65.2185779912636
36678024,0332,אלפנדרי,32, , ,3,1,1,2200,0000, ,,131.34466552734375,50.908218371704116
36678025,0332,אלפנדרי,34, , ,2,2,2,2200,0000, ,,146.5826416015625,58.40938615406498
36678026,0376,דוד ילין,42, , ,2,2,6,2200,0000, ,,348.6098327636719,82.7323163802368
36678027,0321,תחכמוני,23, , ,2,2,8,2200,0000, ,,312.68408203125,134.7955050618249
36678028,0376,דוד ילין,4, , ,2,2,4,2200,0356,נתן בירנבאום,,445.28599548339844,120.63143232199664
36678029,0376,דוד ילין,20, , ,3,6,31,2200,0000, ,,1193.6491088867188,269.95325636071783
36678030,0376,דוד ילין,8, , ,4,1,11,2200,0356,נתן בירנבאום,,158.31857299804688,54.817223747937156
36678031,0352,משה חגיז,16, , ,2,2,2,2200,0356,נתן בירנבאום,,450.7595977783203,118.05573872157417
36678032,0352,משה חגיז,14, , ,1,2,4,2200,0356,נתן בירנבאום,,280.65879821777344,75.10573783408117
36678033,0352,משה חגיז,10, , ,2,4,13,2200,0356,נתן בירנבאום,,578.5561828613281,145.76554036233543
36678034,0349,ישעיהו,3, , ,1,1,0,2200,0000, ,,223.03138732910156,82.29864399132515
36678035,0348,הנביאים,59, , ,2,1,0,2200,0000, ,,552.25390625,101.32021914933479
36678036,0349,ישעיהו,9, , ,3,1,8,2200,0000, ,,195.19284057617188,63.64411474109046
36678037,0349,ישעיהו,11, , ,3,1,0,2200,0376,דוד ילין,,229.81072998046875,61.626206989032674
36678038,0376,דוד ילין,3, , ,2,1,2,2200,0000, ,,380.7618103027344,90.6664245051397
36678039,0349,ישעיהו,13, , ,1,1,0,2200,0376,דוד ילין,,227.88238525390625,72.31015998134019
36678040,0352,משה חגיז,20, , ,3,1,5,2200,0356,נתן בירנבאום,,164.56832885742188,60.07199719597304
36678041,0348,הנביאים,82, , ,3,1,0,2200,0000, ,,105.36634826660156,41.06657820465098
36678042,0349,ישעיהו,15, , ,2,1,0,2200,0000, ,,287.7045593261719,68.64580802840636
36678043,0612,יפו,101, , ,3,1,4,2200,0000, ,,222.55894470214844,68.25243905860034
36678044,0382,הרב יצחק אורנשטיין,9, , ,4,1,10,2200,0000, ,,322.9080810546875,98.99139125214752
36678045,0612,יפו,74, , ,5,13,86,2200,0345,מיכאל וציפורה פינס,,2752.8656463623047,624.828049636427
36678046,0612,יפו,72, , ,6,4,34,2200,0000, ,,2961.389205932617,364.32703094055125
36678047,0335,דון יוסף נשיא,4, , ,2,2,2,2200,0000, ,,139.8762969970703,53.30312003636769
36678048,0334,רשב''ם,1, , ,2,2,2,2200,0000, ,,254.8120574951172,82.81542307593655
36678049,0334,רשב''ם,3, , ,3,1,5,2200,0000, ,,159.28038024902344,54.92598595744606
36678050,0334,רשב''ם,4, , ,2,4,8,2200,0000, ,,306.4246520996094,111.33562973272817
36678051,0321,תחכמוני,15, , ,3,2,2,2200,0000, ,,256.0115509033203,69.95084479382774
36678052,0607,שפת אמת,10, , ,2,1,0,2200,0608,יוסף שוורץ,,164.71347045898438,51.48618014055162
36678053,0332,אלפנדרי,21, , ,2,1,2,2200,0000, ,,101.95030212402344,51.22802520192791
36678054,0332,אלפנדרי,19, , ,3,2,5,2200,0321,תחכמוני,,271.55494689941406,82.17823320555145
36678055,0332,אלפנדרי,26, , ,2,3,0,2200,0000, ,,612.5293273925781,144.61310370854258
36678056,0376,דוד ילין,52, , ,2,4,14,2200,0000, ,,370.8254089355469,83.62691860600846
36678057,0376,דוד ילין,51, , ,3,3,1,2200,0608,יוסף שוורץ,,734.5422973632812,173.59590586366494
36678058,0606,מיוחס,12, , ,2,2,14,2200,0000, ,,628.6115417480469,156.67620859785706
36678059,0609,משה דוד גאון,7, , ,2,5,5,2200,0000, ,,761.4295349121094,165.67846940482627
36678060,0609,משה דוד גאון,4, , ,2,4,4,2200,0000, ,,272.40087890625,99.77007529306083
36678061,0606,מיוחס,15, , ,2,12,11,2200,0000, ,,1099.61474609375,254.4815638126841
36678062,0610,נבון,12, , ,3,26,15,2200,0000, ,,2145.634536743164,435.2082234437417
36678063,0610,נבון,34, , ,2,1,1,2200,0604,שד''ל,,363.0874786376953,90.95034214943932
36678064,0610,נבון,36, , ,2,1,3,2200,0000, ,,129.10687255859375,55.05689474280823
36678065,0610,נבון,5, , ,2,2,2,2200,0738,נתיב יצחק,,307.90684509277344,88.7671913282362
36678066,0000, ,17, , ,3,2,1,2200,0000, ,,212.66688537597656,62.893094024399595
36678067,0000, ,27, , ,3,17,17,2200,0610,נבון,,1286.2600708007812,272.2776735709415
36678068,0328,רש''י,65, , ,2,1,3,2200,0000, ,,141.89923095703125,54.77953190162369
36678069,1396,מוריס פישר,17, , ,4,5,40,2200,0000, ,,1189.2635803222656,246.00483331224962
36678070,1392,אברהם ארסט,0, , ,4,1,0,2200,1347,ברל לוקר,,481.17852783203125,109.14990484161464
36678071,1315,רשב''ג,52, , ,2,1,1,2200,0000, ,,190.4698944091797,80.28134262388633
36678072,1315,רשב''ג,50, , ,2,1,4,2200,0000, ,,190.4295196533203,77.1668895079699
36678073,1314,יוסי בן יועזר,55, , ,2,1,0,2200,0000, ,,177.96363830566406,67.80427844803495
36678074,1315,רשב''ג,49, , ,2,2,8,2200,0000, ,,451.34014892578125,130.59599204373197
36678075,1314,יוסי בן יועזר,51, , ,2,1,4,2200,0000, ,,313.4635772705078,95.4414346957
36678076,1314,יוסי בן יועזר,53, , ,2,1,4,2200,0000, ,,196.99327087402344,75.73694978281176
36678077,1839,האומן,24, , ,5,1,0,2200,0000, ,,1044.6838073730469,155.38177158513864
36678078,1839,האומן,26, , ,4,1,0,2200,0000, ,,1403.9889068603516,174.56367468988276
36678079,1796,אביטל,13, , ,1,1,0,2200,0000, ,,212.9461669921875,62.0669623835569
36678080,1860,הפרסה,0, , ,1,1,0,2200,0000, ,,402.1387634277344,119.01054178925045
36678081,1794,מקור חיים,62, , ,1,1,0,2200,0000, ,,298.1997375488281,101.66682707635769
36678082,0000, ,10, , ,1,1,1,2200,0000, ,,311.73712158203125,77.4468505147567
36678083,0000, ,57, , ,1,1,10,2200,0000, ,,295.98475646972656,75.65240560214804
36678084,1315,רשב''ג,54, , ,1,1,0,2200,0000, ,,33.72367858886719,23.85145273964121
36678085,4381,אל בוטמה,0, , ,2,1,2,2200,0000, ,,155.23483276367188,57.0209998464168
36678086,4366,א רחמה,0, , ,3,12,22,2200,0000, ,,1491.590316772461,429.26358803647065
36678087,4295,שייח' מחמוד,0, , ,2,1,2,2200,0000, ,,142.9043731689453,56.08262988973464
36678088,4295,שייח' מחמוד,0, , ,2,3,7,2200,0000, ,,355.3179168701172,105.42670259005713
36678089,4381,אל בוטמה,0, , ,2,2,3,2200,0000, ,,233.3702392578125,89.20558134460042
36678090,4381,אל בוטמה,0, , ,2,1,2,2200,0000, ,,219.83990478515625,78.60752058418264
36678091,4381,אל בוטמה,0, , ,3,1,3,2200,0000, ,,286.82765197753906,91.2849936056246
36678092,4381,אל בוטמה,0, , ,2,1,3,2200,0000, ,,145.7720489501953,54.00314623516727
36678093,4384,א שיפא,0, , ,2,1,1,2200,0000, ,,132.30776977539062,53.596080472182855
36678094,4384,א שיפא,0, , ,1,1,1,2200,0000, ,,229.83145141601562,62.81738494975817
36678095,4384,א שיפא,0, , ,1,1,2,2200,0000, ,,154.32615661621094,50.62105888037967
36678096,4398,אל קד'איל,0, , ,1,1,2,2200,0000, ,,117.33766174316406,47.91424175697318
36678097,4380,א נתר,0, , ,3,1,1,2200,0000, ,,367.4917449951172,78.82550464190774
36678098,4285,איחוד הכפר,40, , ,2,1,3,2200,0000, ,,281.7044982910156,77.69247547928315
36678099,4285,איחוד הכפר,42, , ,2,1,2,2200,0000, ,,191.76666259765625,55.970165466034985
36678100,4398,אל קד'איל,0, , ,2,1,1,2200,0000, ,,112.25418090820312,42.986083588926356
36678101,1361,בר יוחאי,1, , ,5,1,16,2200,0000, ,,334.91822814941406,110.94689797104411
36678102,1310,אלעזר בן יאיר,9, , ,3,3,12,2200,0000, ,,706.1846771240234,223.77206848150828
36678103,1310,אלעזר בן יאיר,16, , ,2,1,4,2200,0000, ,,213.6339569091797,88.3703372602565
36678104,1309,קנאי הגליל,17, , ,3,2,2,2200,0000, ,,331.9317321777344,125.2958415846342
36678105,1340,ניתאי הארבלי,34, , ,2,1,6,2200,0000, ,,328.5819854736328,105.90945848184474
36678106,1340,ניתאי הארבלי,32, , ,2,1,4,2200,0000, ,,419.9158935546875,136.254112115465
36678107,1309,קנאי הגליל,26, , ,3,2,5,2200,0000, ,,197.00338745117188,74.55166794885028
36678108,1340,ניתאי הארבלי,28, , ,2,1,3,2200,0000, ,,277.3315734863281,104.83027606056307
36678109,1340,ניתאי הארבלי,26, , ,2,1,3,2200,0000, ,,175.01815795898438,74.49641264960974
36678110,1340,ניתאי הארבלי,24, , ,2,1,5,2200,0000, ,,248.49156188964844,101.9376632294737
36678111,1340,ניתאי הארבלי,22, , ,3,1,4,2200,0000, ,,143.59886169433594,65.90823435920053
36678112,1340,ניתאי הארבלי,20, , ,2,1,3,2200,0000, ,,239.77146911621094,77.05718387455403
36678113,1340,ניתאי הארבלי,18, , ,2,1,4,2200,0000, ,,293.4899444580078,87.83141539042477
36678114,1340,ניתאי הארבלי,16, , ,2,1,4,2200,0000, ,,207.2664031982422,81.26913644974212
36678115,1309,קנאי הגליל,24, , ,2,1,4,2200,0000, ,,234.72998046875,75.21477733369787
36678116,1309,קנאי הגליל,22, , ,2,1,6,2200,0000, ,,334.37840270996094,100.90179920530481
36678117,1309,קנאי הגליל,20, , ,2,1,5,2200,0000, ,,509.37261962890625,123.05507493567595
36678118,1309,קנאי הגליל,30, , ,2,1,4,2200,0000, ,,297.7314147949219,81.50047088812232
36678119,1309,קנאי הגליל,25, , ,2,1,2,2200,0000, ,,385.3531494140625,128.4273007351917
36678120,1309,קנאי הגליל,28, , ,2,2,5,2200,0000, ,,223.3034210205078,84.28282839542418
36678121,1902,דניאל סירקיס,12, , ,3,1,6,2200,0000, ,,218.0904083251953,68.06310638235774
36678122,1902,דניאל סירקיס,14, , ,3,1,7,2200,0000, ,,220.6431121826172,72.93586057274551
36678123,1092,דגל ראובן,11, , ,4,1,9,2200,0000, ,,196.1925048828125,62.54390802806251
36678124,0916,הצבי,6, , ,2,1,0,2200,0000, ,,221.3280487060547,78.31725822984717
36678125,0916,הצבי,4, , ,2,1,0,2200,0000, ,,175.28028869628906,58.37851478667165
36678126,0916,הצבי,2, , ,3,1,3,2200,0000, ,,389.86553955078125,100.2444884421703
36678127,0921,תורה מציון,4, , ,3,2,18,2200,0000, ,,438.0408630371094,121.98782681005727
36678128,0919,המאסף,9, , ,4,1,9,2200,0000, ,,343.59686279296875,100.58637723377294
36678129,0917,אריאל,4, , ,3,1,8,2200,0000, ,,254.8848876953125,68.49898121058091
36678130,0918,האור,4, , ,3,1,10,2200,0920,המון,,276.1889190673828,75.74352464475417
36678131,0918,האור,3, , ,3,1,24,2200,0917,אריאל,,613.8857879638672,156.79606067032674
36678132,0918,האור,6, , ,3,1,7,2200,0000, ,,219.00982666015625,72.46786168437106
36678133,0920,המון,3, , ,2,1,0,2200,0000, ,,309.1205139160156,79.77698961677365
36678134,0920,המון,6, , ,3,1,11,2200,0000, ,,269.3432312011719,86.99953177237406
36678135,0919,המאסף,11, , ,4,1,6,2200,0000, ,,396.27601623535156,122.32682350717192
36678136,0937,ירמיהו,5, , ,1,1,0,2200,0000, ,,286.60633850097656,82.75134006213604
36678137,0305,מלכי ישראל,48, , ,2,1,2,2200,0000, ,,321.60804748535156,76.80797001121677
36678138,0305,מלכי ישראל,46, , ,2,1,0,2200,0000, ,,148.29100036621094,49.0887675394785
36678139,0305,מלכי ישראל,38, , ,2,1,0,2200,0000, ,,131.4246826171875,46.62295923195928
36678140,0921,תורה מציון,13, , ,2,1,0,2200,0000, ,,225.57070922851562,61.37311063752661
36678141,0385,גשר החיים,4, , ,4,2,18,2200,0000, ,,411.4606018066406,125.64142894320369
36678142,0732,תשב''ץ,21, , ,2,10,10,2200,0000, ,,914.0991821289062,164.14416603761669
36678143,0336,הטורים,22, , ,2,1,5,2200,0000, ,,230.75637817382812,77.1896966309884
36678144,0336,הטורים,27, , ,3,1,10,2200,0338,החשמונאים,,291.43467712402344,76.73575969902645
36678145,0336,הטורים,28, , ,3,1,6,2200,0000, ,,235.81878662109375,78.47616897235186
36678146,0000, ,32, , ,3,2,13,2200,0336,הטורים,,186.0467071533203,66.44259101455907
36678147,0337,הזית,1, , ,3,2,12,2200,0336,הטורים,,369.3871307373047,114.5938296965916
36678148,0333,בר גיורא,26, , ,3,1,0,2200,0000, ,,273.1186981201172,84.30077070594629
36678149,0386,קב ונקי,5, , ,3,1,4,2200,0000, ,,144.85675048828125,59.02924163081063
36678150,0338,החשמונאים,20, , ,2,1,2,2200,0386,קב ונקי,,135.15061950683594,62.44258986797654
36678151,0339,אלעזר המכבי,8, , ,3,1,8,2200,0000, ,,243.70736694335938,77.94854807637014
36678152,0000, ,10, , ,1,1,7,2200,0339,אלעזר המכבי,,297.5857696533203,82.50571684257787
36678153,0339,אלעזר המכבי,9, , ,3,1,1,2200,0338,החשמונאים,,206.68983459472656,71.61197266705243
36678154,0338,החשמונאים,14, , ,3,1,6,2200,0000, ,,203.08750915527344,66.63569967020585
36678155,0338,החשמונאים,12, , ,4,1,9,2200,0000, ,,189.00672912597656,68.70227826153686
36678156,0338,החשמונאים,10, , ,3,1,6,2200,0000, ,,188.63851928710938,63.2987837391885
36678157,0341,יהודה המכבי,4, , ,3,1,8,2200,0000, ,,305.7085723876953,79.01655302327464
36678158,0341,יהודה המכבי,6, , ,3,1,8,2200,0000, ,,339.75164794921875,96.03948618641044
36678159,0341,יהודה המכבי,8, , ,3,1,9,2200,0000, ,,324.9237060546875,93.04350902963166
36678160,0341,יהודה המכבי,10, , ,3,1,7,2200,0000, ,,309.9237518310547,87.93406748376769
36678161,0341,יהודה המכבי,12, , ,2,1,1,2200,0000, ,,254.94178771972656,101.82138145953196
36678162,0341,יהודה המכבי,13, , ,2,1,5,2200,0338,החשמונאים,,186.10400390625,70.22946679690591
36678163,0342,שמעון המכבי,3, , ,3,1,5,2200,0000, ,,190.214599609375,69.26069806667921
36678164,0338,החשמונאים,13, , ,2,1,3,2200,0342,שמעון המכבי,,221.60043334960938,70.86539203923034
36678165,0338,החשמונאים,11, , ,3,1,7,2200,0000, ,,211.741943359375,74.60822636205081
36678166,0385,גשר החיים,12, , ,5,1,10,2200,0000, ,,324.3631286621094,97.33892054373524
36678167,0340,שדרות שרי ישראל,6, , ,5,4,32,2200,0000, ,,1281.4111785888672,257.9512256346956
36678168,0921,תורה מציון,12, , ,6,3,36,2200,0000, ,,788.8458709716797,174.90211646150553
36678169,0385,גשר החיים,19, , ,4,1,8,2200,0000, ,,227.72622680664062,73.10599401801608
36678170,1505,בנימין ד'ישראלי,21, , ,3,1,6,2200,0000, ,,230.6377410888672,78.10963811076171
36678171,1503,דוד מרכוס,2, , ,4,1,6,2200,0000, ,,276.98223876953125,79.92849608435205
36678172,1503,דוד מרכוס,10, , ,4,1,1,2200,0000, ,,232.63096618652344,64.6860530106853
36678173,1514,זאב ז'בוטינסקי,37, , ,3,1,1,2200,0000, ,,296.6500244140625,73.06302348696406
36678174,1514,זאב ז'בוטינסקי,35, , ,3,1,6,2200,0000, ,,240.91287231445312,64.96814207543383
36678175,1514,זאב ז'בוטינסקי,23, , ,3,1,1,2200,1516,לב העברי,,228.86122131347656,60.53016621209457
36678176,1505,בנימין ד'ישראלי,7, , ,4,1,8,2200,0000, ,,261.6764373779297,71.12132286087476
36678177,1503,דוד מרכוס,6, , ,4,1,6,2200,0000, ,,279.25828552246094,86.60281641298141
36678178,0813,ארלוזורוב,13, , ,4,1,12,2200,0831,עובדיה מברטנורה,,246.26605224609375,83.99033660110639
36678179,0831,עובדיה מברטנורה,4, , ,3,1,12,2200,0000, ,,241.46983337402344,74.10833519221478
36678180,0832,שלמה מולכו,3, , ,3,1,11,2200,0000, ,,274.764892578125,88.30360366010035
36678181,0813,ארלוזורוב,17, , ,3,1,8,2200,0000, ,,256.6686706542969,92.42247513087274
36678182,0813,ארלוזורוב,19, , ,3,1,9,2200,0000, ,,277.69573974609375,84.71152426177218
36678183,0833,בלפור,16, , ,2,1,1,2200,0000, ,,249.47933959960938,70.43620568403281
36678184,0831,עובדיה מברטנורה,2, , ,3,1,7,2200,0000, ,,263.78269958496094,78.16720133876042
36678185,0830,האר''י,13, , ,4,1,10,2200,0000, ,,254.4506378173828,89.30501724304031
36678186,0830,האר''י,7, , ,4,1,8,2200,0000, ,,231.1282196044922,65.21434162799122
36678187,0814,רד''ק,18, , ,3,1,1,2200,0000, ,,270.2166442871094,70.00649179327391
36678188,0830,האר''י,1, , ,3,2,10,2200,0000, ,,260.4822998046875,87.27280619135036
36678189,0808,דרך עזה,25, , ,4,1,8,2200,0000, ,,265.6587677001953,88.12417649085515
36678190,0808,דרך עזה,23, , ,3,1,6,2200,0000, ,,238.1685028076172,75.56752397074742
36678191,0808,דרך עזה,21, , ,4,1,12,2200,0000, ,,262.9624786376953,87.69396203733223
36678192,0817,בנימין מטודלה,8, , ,3,1,6,2200,0000, ,,243.49427795410156,79.26938406913534
36678193,0812,אלפסי,19, , ,3,1,6,2200,0821,אפודי,,291.1952819824219,93.87236118678241
36678194,0814,רד''ק,2, , ,3,1,1,2200,0000, ,,259.95469665527344,68.46585857486532
36678195,0812,אלפסי,5, , ,4,1,2,2200,0000, ,,230.16397094726562,72.8007980820617
36678196,0808,דרך עזה,28, , ,3,2,8,2200,0814,רד''ק,,259.8551483154297,90.8982998401677
36678197,0812,אלפסי,13, , ,3,1,2,2200,0000, ,,231.16357421875,76.91122890248582
36678198,0812,אלפסי,11, , ,3,1,8,2200,0000, ,,290.4908142089844,83.93628730075156
36678199,0812,אלפסי,9, , ,3,1,8,2200,0000, ,,255.75685119628906,70.99731901867283
36678200,0817,בנימין מטודלה,4, , ,4,1,6,2200,0000, ,,239.90086364746094,74.85588145848445
36678201,0808,דרך עזה,17, , ,3,1,6,2200,0000, ,,265.31700134277344,92.7416700575622
36678202,0817,בנימין מטודלה,11, , ,3,1,6,2200,0000, ,,236.3961639404297,76.53170127099021
36678203,0817,בנימין מטודלה,14, , ,3,1,9,2200,0000, ,,281.4162902832031,79.03542288659932
36678204,0817,בנימין מטודלה,12, , ,4,1,11,2200,0000, ,,291.2576904296875,85.32613983972206
36678205,0808,דרך עזה,52, , ,3,1,9,2200,0000, ,,239.11534118652344,76.75977577579529
36678206,1503,דוד מרכוס,11, , ,5,1,6,2200,0000, ,,228.37673950195312,64.42515210125629
36678207,1505,בנימין ד'ישראלי,6, , ,3,1,6,2200,0000, ,,224.50091552734375,66.37537709871904
36678208,1505,בנימין ד'ישראלי,8, , ,2,1,2,2200,0000, ,,188.1337890625,59.18762911516516
36678209,1506,חובבי ציון,4, , ,2,1,1,2200,0000, ,,117.42366027832031,47.44794660972225
36678210,1506,חובבי ציון,6, , ,3,1,0,2200,0000, ,,222.3194580078125,68.08524103100024
36678211,1506,חובבי ציון,11, , ,2,1,1,2200,1507,יהודה אלקלעי,,138.65806579589844,49.311622174312355
36678212,1506,חובבי ציון,9, , ,3,1,1,2200,0000, ,,126.37422180175781,59.77560086448008
36678213,1506,חובבי ציון,5, , ,2,1,1,2200,0000, ,,168.5713348388672,65.5162164479015
36678214,1511,אחד העם,22, , ,2,1,1,2200,0000, ,,196.2360382080078,66.47213245127269
36678215,0813,ארלוזורוב,15, , ,3,1,1,2200,0000, ,,219.51409912109375,65.17555060107027
36678216,0831,עובדיה מברטנורה,5, , ,2,1,1,2200,0813,ארלוזורוב,,116.91448974609375,49.30204915488174
36678217,0831,עובדיה מברטנורה,6, , ,3,1,1,2200,0000, ,,210.77108764648438,67.86699289403987
36678218,0813,ארלוזורוב,22, , ,2,1,1,2200,0000, ,,223.17491149902344,64.55675206667779
36678219,0813,ארלוזורוב,24, , ,2,1,1,2200,0000, ,,196.5101776123047,62.418803210927365
36678220,1514,זאב ז'בוטינסקי,44, , ,3,1,0,2200,0832,שלמה מולכו,,210.8013916015625,68.67602237559585
36678221,0000, ,14, , ,3,2,7,2200,0813,ארלוזורוב,,224.77940368652344,73.00403258724386
36678222,0808,דרך עזה,15, ,עזה,3,1,6,2200,0000, ,,196.21075439453125,60.2405000904356
36678223,0817,בנימין מטודלה,6, , ,3,1,8,2200,0000, ,,178.85562133789062,62.33821106440707
36678224,0812,אלפסי,17, , ,4,1,4,2200,0000, ,,212.40548706054688,72.42483364835199
36678225,0814,רד''ק,7, , ,3,1,7,2200,0000, ,,213.3838348388672,68.33980089758404
36678226,0808,דרך עזה,36, , ,3,1,10,2200,0000, ,,207.86386108398438,67.99401274653357
36678227,0808,דרך עזה,34, , ,3,1,6,2200,0000, ,,199.67396545410156,65.0835745760969
36678228,0808,דרך עזה,0, , ,1,1,0,2200,0000, ,,164.73915100097656,55.28923786012959
36678229,0808,דרך עזה,32, , ,3,1,12,2200,0000, ,,214.5647430419922,74.64149039614928
36678230,0814,רד''ק,8, , ,3,1,8,2200,0000, ,,215.15142822265625,73.43594438081516
36678231,1405,טשרניחובסקי,57, , ,4,2,16,2200,0000, ,,315.8317108154297,95.97369078400841
36678232,1407,דוד שמעוני,19, , ,3,3,18,2200,0000, ,,456.8111267089844,140.43171805076045
36678233,1422,הרב הרצוג,79, , ,4,3,27,2200,0000, ,,453.1011657714844,132.71895713478037
36678234,1422,הרב הרצוג,77, , ,4,2,18,2200,0000, ,,312.3350830078125,104.09502905602443
36678235,1450,מבוא בנין,12, , ,2,6,6,2200,0000, ,,527.7948303222656,176.35598833975956
36678236,1407,דוד שמעוני,23, , ,3,1,5,2200,0000, ,,180.85206604003906,80.89984968216184
36678237,1407,דוד שמעוני,22,ע, ,3,1,6,2200,0000, ,,168.86085510253906,58.367345283062214
36678238,1407,דוד שמעוני,24, , ,4,1,10,2200,0000, ,,169.0490264892578,63.26591736105363
36678239,1618,חיל נשים,4, , ,2,1,0,2200,0000, ,,345.4599151611328,91.07438872295829
36678240,1606,ביל''ו,13, , ,3,1,5,2200,0000, ,,336.3245391845703,88.4362411865085
36678241,1607,הל''ה,34, , ,4,3,14,2200,0000, ,,615.9220428466797,172.95990269544524
36678242,1615,המצור,13, , ,3,1,1,2200,0000, ,,404.8738555908203,95.26355726504958
36678243,1615,המצור,5,ע, ,2,1,3,2200,0000, ,,377.583740234375,104.49285882586824
36678244,1609,השיירות,10, , ,4,2,1,2200,0000, ,,740.4804229736328,195.18351337712664
36678245,0000, ,16, , ,3,2,4,2200,1606,ביל''ו,,298.5172882080078,87.01176812908754
36678246,1607,הל''ה,35, , ,4,1,6,2200,0000, ,,317.19032287597656,93.84500926475029
36678247,1607,הל''ה,32, , ,4,3,22,2200,0000, ,,674.1774444580078,174.25272534015474
36678248,1607,הל''ה,36, , ,4,3,17,2200,0000, ,,477.3622283935547,122.03904506078702
36678249,1606,ביל''ו,11, , ,3,1,9,2200,1618,חיל נשים,,272.7476501464844,82.13624990586344
36678250,1617,יורדי הסירה,2, , ,3,1,5,2200,1606,ביל''ו,,246.8571319580078,71.20728954848494
36678251,1615,המצור,9, , ,3,1,0,2200,0000, ,,286.93748474121094,87.04175415683287
36678252,1609,השיירות,12, , ,3,1,3,2200,0000, ,,260.08331298828125,105.82710646794528
36678253,1618,חיל נשים,6, , ,3,1,6,2200,0000, ,,178.19056701660156,57.818465031278926
36678254,1612,הגדנ''ע,8, , ,3,1,4,2200,1618,חיל נשים,,178.18771362304688,56.39928689054446
36678255,1606,ביל''ו,12, , ,3,1,6,2200,1617,יורדי הסירה,,195.0604248046875,60.528512628661
36678256,1602,משמר העם,20, , ,2,1,1,2200,0000, ,,145.52603149414062,53.994169971440144
36678257,1602,משמר העם,22, , ,2,1,1,2200,1606,ביל''ו,,132.4981231689453,46.56586312648779
36678258,1615,המצור,11, , ,1,1,1,2200,0000, ,,126.13790893554688,53.82028951302644
36678259,1611,מחלקי המים,1, , ,3,1,6,2200,0000, ,,169.4634552001953,58.88546599592228
36678260,1611,מחלקי המים,3, , ,2,1,4,2200,1612,הגדנ''ע,,224.86769104003906,78.91320654267426
36678261,1611,מחלקי המים,2, , ,4,1,5,2200,0000, ,,187.4813232421875,63.60370087694322
36678262,1609,השיירות,14, , ,3,1,1,2200,0000, ,,205.0219268798828,66.26311121357065
36678263,1609,השיירות,16, , ,3,1,3,2200,0000, ,,160.04736328125,60.79121764655585
36678264,1609,השיירות,18, , ,4,1,3,2200,0000, ,,177.3686981201172,56.40803839605111
36678265,1615,המצור,7, , ,1,1,0,2200,0000, ,,137.37918090820312,58.25736171294333
36678266,1615,המצור,3, , ,2,1,1,2200,0000, ,,221.46353149414062,63.39019231770816
36678267,1609,השיירות,22, , ,3,1,6,2200,0000, ,,185.76040649414062,66.156344583244
36678268,1602,משמר העם,18, , ,1,1,1,2200,0000, ,,56.9862060546875,35.73666914349344
36678269,1331,דוסתאי,5, , ,4,1,10,2200,0000, ,,273.3413543701172,78.34771173822973
36678270,1331,דוסתאי,3, , ,5,1,8,2200,1328,אבא חילקיה,,275.8815155029297,74.09009383516401
36678271,1328,אבא חילקיה,15, , ,4,1,4,2200,0000, ,,225.64788818359375,69.28370813322623
36678272,1331,דוסתאי,7, , ,3,1,8,2200,1332,נקדימון,,393.5043182373047,91.12275966516167
36678273,1331,דוסתאי,10, , ,5,1,6,2200,0000, ,,218.3024444580078,72.96360504218207
36678274,1331,דוסתאי,8, , ,6,1,6,2200,0000, ,,170.2674102783203,67.92468917198426
36678275,1331,דוסתאי,6, , ,5,1,3,2200,0000, ,,166.8213348388672,60.95618057968824
36678276,1601,חזקיהו המלך,47, , ,5,1,12,2200,0000, ,,491.1612091064453,111.66817019148849
36678277,1601,חזקיהו המלך,39, , ,4,6,96,2200,0000, ,,919.4905395507812,199.15437841230934
36678278,1601,חזקיהו המלך,45, , ,5,1,16,2200,0000, ,,309.89244079589844,73.06828711680616
36678279,1601,חזקיהו המלך,36, , ,3,1,0,2200,0000, ,,224.68357849121094,65.68322107614216
36678280,1601,חזקיהו המלך,36, , ,1,1,1,2200,0000, ,,46.11766052246094,27.475985124052812
36678281,1601,חזקיהו המלך,40, , ,2,2,2,2200,0000, ,,322.4756774902344,84.75622486571841
36678282,1601,חזקיהו המלך,42, , ,1,1,7,2200,0000, ,,209.1350860595703,60.992657069197016
36678283,1613,החי''ש,2, , ,2,1,8,2200,0000, ,,152.974609375,57.05319192289328
36678284,1617,יורדי הסירה,33, , ,4,1,1,2200,0000, ,,206.8900604248047,67.9159153505264
36678285,1627,הצפירה,12, , ,2,7,15,2200,0000, ,,1031.3911437988281,223.49470666259083
36678286,1671,חיים בג'איו,11, , ,8,2,24,2200,0000, ,,339.3203430175781,88.00160217667705
36678287,1671,חיים בג'איו,12, , ,4,1,12,2200,0000, ,,421.02992248535156,123.70744489791686
36678288,1671,חיים בג'איו,2, , ,4,1,12,2200,0000, ,,383.8817443847656,85.73152587120224
36678289,1621,רחל אמנו,22, , ,4,1,2,2200,0000, ,,359.22596740722656,101.84213775544431
36678290,1622,תל חי,13, , ,2,1,1,2200,1621,רחל אמנו,,382.75384521484375,82.2804173303605
36678291,1622,תל חי,13, , ,6,1,1,2200,1628,דוד אלרואי,,373.3701171875,99.90946038241927
36678292,1671,חיים בג'איו,1, , ,4,1,12,2200,0000, ,,382.76747131347656,85.44053625907424
36678293,1668,מל''ל,7, , ,4,1,3,2200,0000, ,,397.7015380859375,99.08826294296004
36678294,1627,הצפירה,7, , ,2,1,1,2200,1668,מל''ל,,406.1916809082031,93.3585157746203
36678295,1651,המליץ,3, , ,4,1,4,2200,0000, ,,302.87718200683594,85.43518220806963
36678296,1647,עזריאל הילדסהימר,10, , ,3,1,9,2200,0000, ,,306.2504119873047,93.2452217076435
36678297,1649,רות,5, , ,1,1,1,2200,0000, ,,310.00538635253906,72.35318252803067
36678298,1671,חיים בג'איו,9, , ,4,1,12,2200,0000, ,,415.30210876464844,100.7139497533848
36678299,1671,חיים בג'איו,10, , ,4,2,24,2200,0000, ,,348.30906677246094,89.40750317838689
36678300,1671,חיים בג'איו,8, , ,4,2,24,2200,0000, ,,344.6824645996094,93.51063727435778
36678301,1651,המליץ,8, , ,4,1,18,2200,0000, ,,581.3120269775391,159.09601470221952
36678302,1650,המגיד,7, , ,2,4,5,2200,0000, ,,664.3565063476562,181.78629014911337
36678303,1647,עזריאל הילדסהימר,12, , ,1,2,2,2200,0000, ,,330.45542907714844,99.39350600317763
36678304,1651,המליץ,9, , ,3,1,4,2200,0000, ,,364.74134826660156,108.63903183759639
36678305,1627,הצפירה,14, , ,2,1,2,2200,0000, ,,321.6931610107422,114.1987581895135
36678306,1647,עזריאל הילדסהימר,17, , ,1,1,1,2200,0000, ,,396.0403747558594,92.07717757725415
36678307,1650,המגיד,13, , ,3,1,1,2200,0000, ,,374.91969299316406,111.00176000069855
36678308,1650,המגיד,16, , ,4,2,6,2200,0000, ,,324.1907501220703,88.15645378354483
36678309,1650,המגיד,18, , ,4,2,12,2200,0000, ,,330.5851593017578,88.79939602840241
36678310,1627,הצפירה,11, , ,3,2,4,2200,0000, ,,610.4015502929688,175.91310236286859
36678311,1667,קליין,1, , ,4,3,24,2200,0000, ,,661.9128875732422,176.63242625053766
36678312,1649,רות,9, , ,3,1,3,2200,0000, ,,328.4502410888672,126.57081113709538
36678313,1627,הצפירה,21, , ,2,1,2,2200,0000, ,,696.1171875,194.25863121246647
36678314,1671,חיים בג'איו,7, , ,4,1,12,2200,0000, ,,409.92449951171875,100.02053381623462
36678315,1671,חיים בג'איו,6, , ,4,1,12,2200,0000, ,,380.72462463378906,85.46480522505433
36678316,1671,חיים בג'איו,5, , ,4,1,12,2200,0000, ,,324.9153289794922,74.93791136050888
36678317,1671,חיים בג'איו,4, , ,4,1,12,2200,0000, ,,383.5882110595703,85.78764580505892
36678318,1627,הצפירה,20, , ,1,2,2,2200,0000, ,,403.05079650878906,109.80972897429686
36678319,1627,הצפירה,22, , ,3,1,6,2200,0000, ,,300.11354064941406,97.98276561153075
36678320,1651,המליץ,24, , ,2,1,4,2200,0000, ,,500.24888610839844,98.06646132039194
36678321,1621,רחל אמנו,4, , ,1,1,1,2200,1647,עזריאל הילדסהימר,,325.9894104003906,85.78867304557667
36678322,1671,חיים בג'איו,3, , ,4,1,12,2200,0000, ,,280.00628662109375,65.64952819576345
36678323,1651,המליץ,6, , ,3,1,1,2200,0000, ,,284.2732238769531,71.76829214104505
36678324,1647,עזריאל הילדסהימר,16, , ,4,1,6,2200,0000, ,,250.6238555908203,77.9784967106951
36678325,1667,קליין,4, , ,2,1,1,2200,0000, ,,278.6295166015625,82.25352830810648
36678326,1667,קליין,8, , ,2,1,1,2200,0000, ,,270.6954803466797,80.40515851804241
36678327,1667,קליין,10, , ,3,1,1,2200,0000, ,,278.54241943359375,73.99611407730752
36678328,1650,המגיד,17, , ,3,1,10,2200,0000, ,,254.6612548828125,76.49452632591702
36678329,1650,המגיד,15, , ,3,1,1,2200,0000, ,,296.70465087890625,76.2311159031832
36678330,1621,רחל אמנו,23, , ,3,1,1,2200,0000, ,,256.8120880126953,80.77294714672203
36678331,1628,דוד אלרואי,4, , ,2,1,6,2200,1621,רחל אמנו,,171.55630493164062,61.874526116302306
36678332,1627,הצפירה,5, , ,1,1,2,2200,1668,מל''ל,,120.23873901367188,57.403136166535546
36678333,1627,הצפירה,4, , ,1,1,1,2200,0000, ,,167.84129333496094,55.94340101485094
36678334,1627,הצפירה,10, , ,3,1,1,2200,1647,עזריאל הילדסהימר,,186.42605590820312,62.888925965727765
36678335,1649,רות,4, , ,3,1,4,2200,0000, ,,215.1416473388672,69.55573999568514
36678336,1649,רות,8, , ,1,1,1,2200,0000, ,,176.59725952148438,62.68279750572642
36678337,1650,המגיד,9, , ,1,1,3,2200,0000, ,,141.46177673339844,53.43572271127592
36678338,1667,קליין,2, , ,4,1,8,2200,0000, ,,187.449462890625,70.52340797548945
36678339,0124,אדוניהו הכהן,48, , ,1,1,0,2200,0000, ,,221.22039794921875,63.98790177400703
36678340,0127,ישא ברכה,27, , ,3,3,7,2200,0103,ישראל אהרון פישל,,683.2153015136719,157.42548742129853
36678341,0126,עזרא,33, , ,4,1,12,2200,0000, ,,256.7958221435547,106.5644665234218
36678342,0126,עזרא,31, , ,3,1,6,2200,0000, ,,218.17657470703125,76.75209284073418
36678343,0127,ישא ברכה,20, , ,4,1,8,2200,0000, ,,270.51100158691406,92.01075865578187
36678344,0124,אדוניהו הכהן,50, , ,4,1,6,2200,0000, ,,208.48109436035156,68.37899918756474
36678345,0125,רחובות הבוכרים,23, , ,3,1,5,2200,0000, ,,190.90744018554688,60.340658697071696
36678346,0125,רחובות הבוכרים,25, , ,3,1,5,2200,0000, ,,165.4906005859375,59.74308492674011
36678347,0125,רחובות הבוכרים,27, , ,4,1,7,2200,0000, ,,210.59457397460938,68.31242386111522
36678348,0130,דוד חזן,9, , ,3,2,7,2200,0000, ,,187.18968200683594,74.63841826058676
36678349,0125,רחובות הבוכרים,31, , ,4,1,7,2200,0000, ,,267.9619140625,69.53156029427097
36678350,0125,רחובות הבוכרים,33, , ,2,1,0,2200,0000, ,,279.69471740722656,68.89826323099344
36678351,0126,עזרא,29, , ,3,1,3,2200,0000, ,,197.7445831298828,67.58694167408729
36678352,0126,עזרא,27, , ,3,1,5,2200,0000, ,,233.57174682617188,68.98031294108324
36678353,0304,מלאכי,29, , ,3,1,4,2200,0000, ,,192.5116729736328,70.39651162021165
36678354,0303,צפניה,22, , ,5,1,10,2200,0000, ,,247.7227020263672,78.67562752997922
36678355,0303,צפניה,24, , ,2,1,2,2200,0000, ,,203.083740234375,74.62003685061956
36678356,0303,צפניה,26, , ,4,2,13,2200,0000, ,,500.4590759277344,173.16348312739106
36678357,0303,צפניה,30, , ,3,1,6,2200,0311,עמוס,,206.71600341796875,70.31380460898013
36678358,0311,עמוס,34, , ,2,2,8,2200,0000, ,,166.56698608398438,71.3597291146049
36678359,0311,עמוס,30, , ,3,1,6,2200,0310,זכריה,,202.39617919921875,64.18760314799312
36678360,0310,זכריה,7, , ,3,1,4,2200,0000, ,,147.5564727783203,52.80469181934698
36678361,0310,זכריה,5, , ,3,1,6,2200,0000, ,,200.70155334472656,69.09911285896217
36678362,0310,זכריה,3, , ,3,1,0,2200,0000, ,,186.8780059814453,67.18838928838443
36678363,0304,מלאכי,27, , ,3,1,5,2200,0310,זכריה,,156.68496704101562,57.90102573447752
36678364,0303,צפניה,29, , ,3,1,5,2200,0000, ,,179.9428253173828,58.12874290035805
36678365,0303,צפניה,27, , ,2,1,4,2200,0000, ,,134.1740264892578,50.147342219236
36678366,0303,צפניה,25, , ,4,1,7,2200,0000, ,,238.23069763183594,74.54627566840531
36678367,0126,עזרא,21, , ,4,1,5,2200,0000, ,,145.8458251953125,55.87454052596198
36678368,0304,מלאכי,40, , ,3,2,3,2200,0126,עזרא,,160.7493896484375,54.413083183858646
36678369,0303,צפניה,21, , ,3,1,5,2200,0000, ,,176.4736785888672,71.97422563888784
36678370,0303,צפניה,19, ,כרם אברהם,3,1,6,2200,0000, ,,185.0961151123047,63.17093673663169
36678371,0303,צפניה,17, , ,1,1,0,2200,0000, ,,152.66981506347656,52.302504648991686
36678372,0303,צפניה,15, , ,3,1,4,2200,0000, ,,215.27125549316406,77.8834567522716
36678373,0303,צפניה,16, , ,3,1,7,2200,0306,יונה,,233.3726348876953,86.6590332765498
36678374,0303,צפניה,14, , ,3,1,4,2200,0000, ,,170.23619079589844,62.32206763064007
36678375,0306,יונה,24, , ,3,1,0,2200,0302,הושע,,194.76153564453125,61.02642773074239
36678376,0302,הושע,28, , ,2,2,4,2200,0000, ,,240.11927795410156,92.95397800245875
36678377,0306,יונה,31, , ,3,1,6,2200,0000, ,,296.5509033203125,85.08494389195663
36678378,0306,יונה,33, , ,3,2,6,2200,0000, ,,256.85821533203125,80.61394985861537
36678379,0303,צפניה,20, , ,3,2,7,2200,0000, ,,197.96665954589844,69.7443355717114
36678380,0304,מלאכי,34, , ,3,1,6,2200,0000, ,,215.85232543945312,69.47022824610808
36678381,0304,מלאכי,32, , ,3,2,9,2200,0000, ,,245.05690002441406,90.96045732291739
36678382,0304,מלאכי,28, , ,3,1,2,2200,0000, ,,138.88478088378906,52.95626539730365
36678383,0304,מלאכי,26, , ,5,2,6,2200,0000, ,,221.05770874023438,74.3504491222315
36678384,0304,מלאכי,22, , ,3,1,4,2200,0000, ,,172.27000427246094,58.79055734253825
36678385,0304,מלאכי,20, , ,2,1,1,2200,0000, ,,154.64544677734375,62.00430034831496
36678386,0306,יונה,29, , ,3,2,11,2200,0000, ,,259.6045837402344,93.60414800122433
36678387,0306,יונה,25, , ,3,1,5,2200,0000, ,,197.13314819335938,64.55374513288623
36678388,0306,יונה,21, , ,4,1,5,2200,0000, ,,202.0065460205078,77.92082697511097
36678389,0306,יונה,18, , ,3,5,13,2200,0000, ,,1445.1533508300781,297.99913380160643
36678390,0188,הרקח,1, , ,2,1,3,2200,0180,שלמה זלמן בהר''ן,,90.2213134765625,45.46183003740688
36678391,0173,הרב שמואל סלנט,9, , ,2,1,2,2200,0000, ,,139.9923095703125,59.04963503534848
36678392,0173,הרב שמואל סלנט,7, , ,2,1,2,2200,0000, ,,161.84762573242188,61.15731172968195
36678393,0173,הרב שמואל סלנט,5, , ,3,1,7,2200,0000, ,,154.3382568359375,62.90702849559851
36678394,0173,הרב שמואל סלנט,3, , ,3,1,6,2200,0000, ,,168.7043914794922,64.38253340137989
36678395,0180,שלמה זלמן בהר''ן,2, , ,4,1,6,2200,0173,הרב שמואל סלנט,,233.7357635498047,73.5004316370596
36678396,0180,שלמה זלמן בהר''ן,6, , ,4,6,15,2200,0000, ,,739.3212432861328,216.09694305576807
36678397,0180,שלמה זלמן בהר''ן,1, , ,3,2,4,2200,0000, ,,454.6816101074219,113.89332710882812
36678398,0180,שלמה זלמן בהר''ן,7, , ,3,4,14,2200,0000, ,,434.5480194091797,130.13518396520857
36678399,0349,ישעיהו,24, , ,4,1,1,2200,0000, ,,190.4031982421875,67.20145638928562
36678400,0349,ישעיהו,22, , ,2,1,0,2200,0000, ,,221.1372528076172,71.6432143751544
36678401,0350,נתן שטראוס,25, , ,2,1,2,2200,0000, ,,277.1767883300781,82.30922159966723
36678402,0349,ישעיהו,20, , ,3,1,8,2200,0000, ,,254.68846130371094,87.38368713999509
36678403,0350,נתן שטראוס,23, , ,5,1,8,2200,0000, ,,181.7400360107422,68.1185330317373
36678404,0350,נתן שטראוס,21, , ,4,1,5,2200,0000, ,,256.8634796142578,70.25563021056423
36678405,0359,ישעיהו פרס,7, , ,3,1,6,2200,0000, ,,254.32550048828125,73.04328378469457
36678406,0359,ישעיהו פרס,9, , ,2,1,4,2200,0351,סימה בליליוס,,174.73387145996094,53.75832043376899
36678407,0359,ישעיהו פרס,4, , ,4,1,0,2200,0000, ,,303.770263671875,73.57949643984952
36678408,0351,סימה בליליוס,3, , ,2,1,0,2200,0359,ישעיהו פרס,,273.0556182861328,88.00139319027795
36678409,0351,סימה בליליוס,6, , ,5,3,1,2200,0000, ,,436.5720520019531,132.90487988978884
36678410,0351,סימה בליליוס,12, , ,1,1,1,2200,0000, ,,124.66911315917969,55.17138194071007
36678411,0351,סימה בליליוס,4, , ,3,1,0,2200,0000, ,,224.3897705078125,69.17270172207363
36678412,0351,סימה בליליוס,2, , ,3,5,16,2200,0000, ,,1413.9893188476562,290.72075411642027
36678413,0350,נתן שטראוס,13, , ,4,3,23,2200,0000, ,,849.2627868652344,202.2700725153873
36678414,0423,יצחק פראג,4, , ,2,2,7,2200,0000, ,,500.61390686035156,119.6543453317075
36678415,0403,בני ברית,16, , ,2,1,0,2200,0402,אתיופיה,,504.77476501464844,96.04630552184275
36678416,0187,חזנוביץ',2, , ,3,1,1,2200,0000, ,,387.8014831542969,83.8444383357919
36678417,0181,חיי אדם,3, , ,2,2,2,2200,0000, ,,326.385498046875,99.5479271620245
36678418,0350,נתן שטראוס,28, , ,3,1,5,2200,0000, ,,207.77012634277344,74.65229618707002
36678419,0350,נתן שטראוס,26, , ,1,1,1,2200,0000, ,,182.84335327148438,65.59059837353344
36678420,0350,נתן שטראוס,26, , ,1,1,0,2200,0000, ,,125.97894287109375,59.80126169619482
36678421,0181,חיי אדם,24, , ,1,1,0,2200,0000, ,,177.8360137939453,66.73256110104741
36678422,0181,חיי אדם,3, , ,1,6,6,2200,0000, ,,567.0405883789062,169.05848669552591
36678423,0181,חיי אדם,5, , ,1,5,5,2200,0000, ,,489.6531982421875,145.7722838163673
36678424,0181,חיי אדם,28, , ,6,3,34,2200,0000, ,,730.3098602294922,195.5171954520235
36678425,0181,חיי אדם,28, , ,4,5,4,2200,0000, ,,850.4844207763672,214.19737625174946
36678426,0181,חיי אדם,16, , ,2,4,17,2200,0000, ,,412.5643615722656,118.80685177701616
36678427,0181,חיי אדם,6, , ,3,1,2,2200,0000, ,,161.83106994628906,61.04914890558975
36678428,0187,חזנוביץ',3, , ,3,4,24,2200,0000, ,,819.6448211669922,208.41593554109622
36678429,0187,חזנוביץ',6, , ,2,1,0,2200,0000, ,,302.52130126953125,71.0460488045659
36678430,0403,בני ברית,18, , ,2,1,0,2200,0000, ,,190.0690155029297,64.8101874618382
36678431,0402,אתיופיה,17, , ,2,1,1,2200,0000, ,,170.35728454589844,56.30102930403504
36678432,0403,בני ברית,12, , ,2,1,1,2200,0000, ,,258.09124755859375,70.20477079255673
36678433,0403,בני ברית,14, , ,3,1,6,2200,0000, ,,296.8209686279297,91.04542087184208
36678434,0422,אביגדורי,6, , ,4,1,8,2200,0000, ,,193.4297637939453,67.63803992856626
36678435,0181,חיי אדם,36, , ,4,2,1,2200,0000, ,,832.3810272216797,227.30180830336116
36678436,1297,אברהם שטרן,33, , ,10,1,34,2200,0000, ,,281.5913391113281,86.62257432485136
36678437,1297,אברהם שטרן,31, , ,1,1,1,2200,0000, ,,244.1653060913086,62.81707878983366
36678438,1297,אברהם שטרן,31, , ,9,1,34,2200,0000, ,,460.57518005371094,115.86915766525611
36678439,1352,האייל,79, , ,5,12,113,2200,0000, ,,6330.198043823242,1231.367463915205
36678440,1352,האייל,8, , ,2,1,1,2200,0000, ,,193.19518280029297,62.37099325211352
36678441,1352,האייל,5, , ,2,5,5,2200,0000, ,,496.6813278198242,153.18908945099466
36678442,1354,הכפיר,37, , ,2,6,25,2200,0000, ,,577.2230834960938,138.275050739013
36678443,1354,הכפיר,53, , ,2,2,2,2200,0000, ,,182.63135528564453,75.08230826446638
36678444,1354,הכפיר,59, , ,2,2,2,2200,0000, ,,200.41133880615234,90.16101084720002
36678445,1354,הכפיר,61, , ,2,2,2,2200,0000, ,,215.4034194946289,96.08248289226493
36678446,1354,הכפיר,67, , ,3,4,4,2200,0000, ,,212.66454315185547,86.1313326325228
36678447,1354,הכפיר,36, , ,3,3,3,2200,0000, ,,312.7688217163086,118.41486664115548
36678448,1354,הכפיר,26, , ,2,1,1,2200,0000, ,,112.53749084472656,51.46369900365763
36678449,1354,הכפיר,30, , ,3,2,2,2200,0000, ,,286.9446716308594,86.13675419673554
36678450,1354,הכפיר,40, , ,2,2,2,2200,0000, ,,351.5601806640625,93.38562851349253
36678451,1307,גולומב,122, , ,2,2,2,2200,0000, ,,206.8735580444336,66.80398143348623
36678452,1354,הכפיר,49, , ,2,1,1,2200,0000, ,,110.2417221069336,53.57615435793185
36678453,1354,הכפיר,20, , ,3,4,4,2200,0000, ,,545.6833648681641,208.13844890341423
36678454,1352,האייל,17, , ,2,4,4,2200,0000, ,,735.7151489257812,260.1558721175112
36678455,1908,יובב,9, , ,1,1,1,2200,0000, ,,186.0580291748047,60.58615241167575
36678456,1354,הכפיר,17, , ,2,7,11,2200,0000, ,,649.5479507446289,215.39118330846676
36678457,1354,הכפיר,25, , ,2,5,7,2200,0000, ,,577.4562606811523,219.45965063237506
36678458,1352,האייל,9, , ,2,2,2,2200,0000, ,,304.57347106933594,147.22786079831653
36678459,1354,הכפיר,6, , ,2,4,4,2200,0000, ,,475.9107208251953,157.2198814219481
36678460,1908,יובב,21, , ,1,1,1,2200,0000, ,,134.1546401977539,53.019780929317434
36678461,1908,יובב,19, , ,2,2,2,2200,0000, ,,310.24239349365234,111.40662852923418
36678462,1307,גולומב,124, , ,1,1,1,2200,1908,יובב,,622.7091674804688,130.37678531066766
36678463,1908,יובב,3, , ,2,1,1,2200,0000, ,,118.26512908935547,45.55659936252827
36678464,3044,ערד,9, , ,2,2,2,2200,0000, ,,477.54781341552734,143.14923431861115
36678465,3044,ערד,10, , ,2,1,1,2200,0000, ,,230.75477600097656,84.88997519324307
36678466,1354,הכפיר,182, , ,2,3,3,2200,0000, ,,404.7938461303711,110.99435643226388
36678467,1354,הכפיר,168, , ,2,6,6,2200,0000, ,,931.0892715454102,243.9820735234192
36678468,1354,הכפיר,48, , ,2,8,8,2200,0000, ,,1239.3140182495117,262.00615824024413
36678469,3044,ערד,2, , ,2,4,4,2200,0000, ,,586.5485076904297,148.10377063602067
36678470,3044,ערד,5, , ,2,2,2,2200,0000, ,,182.12810516357422,71.07231424325354
36678471,1908,יובב,5, , ,2,2,2,2200,0000, ,,331.36141204833984,101.03695894783893
36678472,3041,רקם,1, , ,2,1,1,2200,0000, ,,187.98725128173828,67.80870974990238
36678473,3041,רקם,13, , ,2,1,1,2200,0000, ,,276.8803939819336,77.66096913969893
36678474,3041,רקם,11, , ,2,1,1,2200,0000, ,,133.8177032470703,62.42737208484762
36678475,3041,רקם,19, , ,2,1,1,2200,0000, ,,231.0838394165039,76.92110371800806
36678476,1908,יובב,1, , ,2,2,2,2200,0000, ,,513.0161056518555,136.17170777552937
36678477,1908,יובב,7, , ,2,2,2,2200,0000, ,,127.48870086669922,53.98169496456427
36678478,1908,יובב,29, , ,2,2,2,2200,0000, ,,515.882209777832,124.24502130965085
36678479,3041,רקם,15, , ,2,1,1,2200,0000, ,,150.53401947021484,71.37846655979824
36678480,1367,אברהם אלמליח,0, , ,1,1,0,2200,0000, ,,103.82279968261719,40.89289816364893
36678481,1367,אברהם אלמליח,143, , ,4,3,24,2200,0000, ,,485.0298156738281,99.61530908827129
36678482,1361,בר יוחאי,149, , ,2,9,9,2200,0000, ,,683.5859375,193.07904378462433
36678483,1349,חוזה סן מרטין,801, , ,4,3,3,2200,0000, ,,442.91807556152344,154.8568364937892
36678484,1349,חוזה סן מרטין,801, , ,4,1,1,2200,0000, ,,259.3728256225586,95.61914306335652
36678485,1361,בר יוחאי,151, , ,3,4,4,2200,0000, ,,298.3438949584961,118.52043813944852
36678486,1367,אברהם אלמליח,40,ע, ,2,4,21,2200,0000, ,,456.52901458740234,112.52741110084924
36678487,1349,חוזה סן מרטין,802, , ,3,1,0,2200,0000, ,,183.90060424804688,67.6901578944668
36678488,1367,אברהם אלמליח,0, , ,1,1,0,2200,0000, ,,381.47725677490234,97.516447547474
36678489,4202,,0, , ,2,1,2,2200,0000, ,,149.48583221435547,57.0204333466379
36678490,4202,,0, , ,1,1,3,2200,0000, ,,109.74835205078125,48.683136299771085
36678491,4202,,0, , ,1,3,8,2200,0000, ,,436.02540588378906,103.18975712625698
36678492,4202,,0, , ,1,1,1,2200,0000, ,,132.9658966064453,51.9898212970056
36678493,4202,,0, , ,2,1,2,2200,0000, ,,117.10877227783203,47.97096453500004
36678494,4202,,0, , ,2,4,9,2200,0000, ,,500.2874984741211,157.99180387624125
36678495,4202,,0, , ,2,1,3,2200,0000, ,,212.50872039794922,58.38664702601406
36678496,4202,,0, , ,1,1,1,2200,0000, ,,116.75678253173828,49.36014263726891
36678497,4202,,0, , ,1,1,2,2200,0000, ,,140.6772232055664,55.68269550149866
36678498,4202,,0, , ,2,3,5,2200,0000, ,,372.12439727783203,115.59545931249392
36678499,4202,,0, , ,3,1,1,2200,0000, ,,231.75181579589844,74.70621307448917
36678500,4202,,0, , ,3,1,1,2200,0000, ,,213.70232391357422,71.87377907491026
36678501,4202,,0, , ,2,1,1,2200,0000, ,,164.9156951904297,54.172234331609815
36678502,0000, ,0, , ,1,1,0,2200,0000, ,,284.85350036621094,76.45672511358033
36678503,0000, ,0, , ,1,1,0,2200,0000, ,,274.18231201171875,78.14915429611847
36678504,0000, ,0, , ,1,1,0,2200,0000, ,,252.78876495361328,78.9981833350455
36678505,0000, ,0, , ,1,1,0,2200,0000, ,,370.2908172607422,87.23483805837367
36678506,0000, ,0, , ,1,2,0,2200,0000, ,,844.5843353271484,146.14663180884278
36678507,0000, ,0, , ,1,1,0,2200,0000, ,,356.10186767578125,89.72637577639968
36678508,4202,,0, , ,1,1,0,2200,0000, ,,205.21763610839844,63.3057684499276
36678509,4202,,0, , ,1,1,0,2200,0000, ,,182.8102264404297,54.75357700531962
36678510,4202,,0, , ,2,1,2,2200,0000, ,,301.89881896972656,87.1147315337485
36678511,4202,,0, , ,1,1,2,2200,0000, ,,87.52264404296875,40.43601020505788
36678512,4202,,0, , ,1,1,2,2200,0000, ,,74.8686294555664,37.098790310814465
36678513,4202,,0, , ,1,1,1,2200,0000, ,,53.904747009277344,29.371516497525782
36678514,4202,,0, , ,1,1,1,2200,0000, ,,70.40064239501953,36.4635713668738
36678515,4202,,0, , ,2,1,1,2200,0000, ,,91.180419921875,39.5612862662136
36678516,4202,,0, , ,1,1,0,2200,0000, ,,170.74685668945312,55.530414841797615
36678517,4202,,0, , ,3,1,1,2200,0000, ,,123.91360473632812,47.76086562192018
36678518,4202,,0, , ,2,1,2,2200,0000, ,,262.2129898071289,83.82259487676285
36678519,4202,,0, , ,3,1,2,2200,0000, ,,319.9712905883789,84.16091855970717
36678520,0000, ,0, , ,1,1,0,2200,0000, ,,276.49037170410156,69.20831987092026
36678521,4202,,0, , ,4,1,1,2200,0000, ,,261.53467559814453,70.88595341884637
36678522,0000, ,0, , ,1,1,0,2200,0000, ,,247.19452667236328,70.779969512678
36678523,0000, ,0, , ,1,1,0,2200,0000, ,,283.3252410888672,82.66753035660082
36678524,4202,,0, , ,3,1,1,2200,0000, ,,102.75593566894531,40.631901633362446
36678525,0000, ,0, , ,2,1,2,2200,0000, ,,159.22371673583984,60.76415022894248
36678526,0000, ,0, , ,3,1,1,2200,0000, ,,279.2416229248047,93.31671249984319
36678527,1435,דב יוסף,0, , ,2,1,2,2200,0000, ,,295.2988586425781,85.57984347592512
36678528,1435,דב יוסף,0, , ,2,1,1,2200,0000, ,,308.87945556640625,84.40682225026525
36678529,1435,דב יוסף,0, , ,2,1,1,2200,0000, ,,307.1256103515625,87.85316553888627
36678530,1354,הכפיר,132, , ,3,7,7,2200,0000, ,,656.2278289794922,247.65409162618315
36678531,1354,הכפיר,104, , ,2,2,2,2200,0000, ,,244.57398986816406,105.1953593456317
36678532,1354,הכפיר,134, , ,2,2,2,2200,0000, ,,293.42848205566406,93.74336258319344
36678533,1354,הכפיר,138, , ,2,2,2,2200,0000, ,,275.84608459472656,87.61905285091004
36678534,1354,הכפיר,142, , ,3,2,2,2200,0000, ,,222.08959197998047,70.15284129639561
36678535,1351,הדישון,12, , ,6,2,12,2200,0000, ,,796.2484130859375,164.69899183839456
36678536,1352,האייל,66, , ,3,5,19,2200,0000, ,,1185.8263320922852,247.8746856086105
36678537,1352,האייל,65, , ,5,1,10,2200,1456,היען,,683.2223892211914,128.88145891644018
36678538,1352,האייל,61, , ,6,2,12,2200,1456,היען,,833.5730438232422,194.80245413004565
36678539,1354,הכפיר,116, , ,3,2,2,2200,0000, ,,231.84976959228516,106.60177389861798
36678540,1354,הכפיר,112, , ,3,4,4,2200,0000, ,,333.1073226928711,128.61628842839747
36678541,1354,הכפיר,81, , ,2,3,3,2200,0000, ,,375.55899810791016,146.4096852684635
36678542,1354,הכפיר,73, , ,3,3,3,2200,0000, ,,319.3932876586914,123.8957354364934
36678543,1354,הכפיר,76, , ,3,3,3,2200,0000, ,,322.8131866455078,101.9807954748659
36678544,1354,הכפיר,148, , ,3,2,2,2200,0000, ,,108.73284149169922,43.348196361380566
36678545,1354,הכפיר,93, , ,2,7,7,2200,0000, ,,605.9429473876953,165.48650074422008
36678546,1354,הכפיר,96, , ,3,4,4,2200,0000, ,,566.7111206054688,157.62485903701918
36678547,1354,הכפיר,100, , ,2,1,1,2200,0000, ,,110.21868896484375,50.7769354308886
36678548,1354,הכפיר,113, , ,2,1,1,2200,0000, ,,159.22309112548828,66.5961631277994
36678549,1354,הכפיר,119, , ,3,4,4,2200,0000, ,,419.84058380126953,157.67177782004765
36678550,1354,הכפיר,127, , ,3,5,5,2200,0000, ,,606.7482299804688,200.1935408646404
36678551,1354,הכפיר,107, , ,3,1,1,2200,0000, ,,133.29633331298828,58.63702165890268
36678552,1354,הכפיר,111, , ,3,1,1,2200,0000, ,,159.5173110961914,59.58819138315875
36678553,1354,הכפיר,98, , ,2,1,1,2200,0000, ,,156.22998046875,56.49623062737615
36678554,1356,הדב,17, , ,3,1,1,2200,0000, ,,154.84661865234375,55.773278841570914
36678555,1356,הדב,5, , ,3,1,1,2200,0000, ,,122.57781219482422,48.70165223443457
36678556,1354,הכפיר,137, , ,3,5,5,2200,0000, ,,569.7146987915039,193.25197425378408
36678557,1354,הכפיר,82, , ,3,4,4,2200,0000, ,,382.85192108154297,156.79882942706593
36678558,1297,אברהם שטרן,31, , ,10,1,34,2200,0000, ,,302.90093994140625,91.08384779614079
36678559,1297,אברהם שטרן,29, , ,10,1,34,2200,0000, ,,263.7788314819336,81.57512403581117
36678560,1297,אברהם שטרן,26, , ,5,1,18,2200,0000, ,,195.6816177368164,56.58441398466115
36678561,1297,אברהם שטרן,24, , ,2,4,24,2200,0000, ,,634.7231369018555,151.31501369032793
36678562,1456,היען,9, , ,2,1,1,2200,0000, ,,180.27434539794922,84.55321130501682
36678563,1354,הכפיר,229, , ,3,1,1,2200,0000, ,,105.84684753417969,42.41792903185498
36678564,1456,היען,14, , ,2,1,2,2200,0000, ,,138.38092803955078,56.635839758004565
36678565,1352,האייל,29, , ,3,1,2,2200,1456,היען,,201.0859603881836,73.83370912348848
36678566,1352,האייל,31, , ,2,1,1,2200,0000, ,,173.46544647216797,61.72325907670941
36678567,1352,האייל,35, , ,2,1,1,2200,0000, ,,197.9453582763672,71.68939575798095
36678568,1352,האייל,37, , ,2,1,1,2200,0000, ,,189.69052124023438,73.92753834159544
36678569,1456,היען,12, , ,2,1,1,2200,0000, ,,155.22100067138672,54.40165849373563
36678570,1351,הדישון,18, , ,6,1,12,2200,0000, ,,463.3497085571289,138.51069964271448
36678571,1340,ניתאי הארבלי,2, , ,2,1,2,2200,1337,יהודה הנשיא,,234.79515075683594,79.88299637492726
36678572,1337,יהודה הנשיא,1, , ,2,3,0,2200,0000, ,,948.6462554931641,221.77333338716187
36678573,1338,ניקנור,3, , ,1,1,1,2200,0000, ,,174.96966552734375,56.32895763106976
36678574,1308,יעקב פת,0, , ,1,1,0,2200,0000, ,,317.9704132080078,85.34966538315663
36678575,1338,ניקנור,3, , ,2,2,2,2200,0000, ,,399.8419647216797,126.08743889495247
36678576,1338,ניקנור,3, , ,2,1,0,2200,0000, ,,527.2983703613281,92.52374284439136
36678577,1363,חננאל,15, , ,3,1,2,2200,0000, ,,188.62765502929688,75.43019617654019
36678578,1338,ניקנור,218, , ,4,3,24,2200,0000, ,,632.7550201416016,181.41368878380314
36678579,1338,ניקנור,15, , ,2,1,2,2200,1363,חננאל,,223.78453063964844,75.05496495098858
36678580,1363,חננאל,17, , ,2,1,3,2200,0000, ,,242.01907348632812,75.4010201121385
36678581,1363,חננאל,23, , ,2,1,2,2200,0000, ,,310.35595703125,89.58783458863236
36678582,0000, ,16, , ,3,2,4,2200,1363,חננאל,,114.814697265625,46.83941096092397
36678583,1415,התקופה,10,ע, ,6,1,12,2200,0000, ,,284.18963623046875,77.1165396051245
36678584,1415,התקופה,12, , ,6,1,12,2200,0000, ,,309.77207946777344,97.50290069534965
36678585,1415,התקופה,16, , ,6,1,12,2200,0000, ,,306.15794372558594,80.86092299590138
36678586,1415,התקופה,16, , ,9,2,36,2200,0000, ,,1102.9564971923828,235.58705420648658
36678587,1415,התקופה,8, , ,6,1,12,2200,0000, ,,398.5322570800781,96.81592149078823
36678588,0000, ,18, , ,1,1,9,2200,0000, ,,302.3415832519531,90.89492079663151
36678589,1340,ניתאי הארבלי,8, , ,2,1,4,2200,0000, ,,234.64414978027344,69.62053777090887
36678590,1310,אלעזר בן יאיר,3, , ,2,2,3,2200,0000, ,,253.27491760253906,72.13332172425201
36678591,1309,קנאי הגליל,5, , ,2,1,1,2200,0000, ,,139.29757690429688,63.75740052827272
36678592,1310,אלעזר בן יאיר,10, , ,3,2,2,2200,0000, ,,339.95921325683594,114.60916445131825
36678593,1309,קנאי הגליל,8, , ,2,2,4,2200,0000, ,,346.5858154296875,95.21369200620448
36678594,1309,קנאי הגליל,10, , ,3,2,3,2200,0000, ,,220.21621704101562,68.32137973254511
36678595,1309,קנאי הגליל,12, , ,3,2,5,2200,0000, ,,228.38197326660156,80.75615167853854
36678596,1310,אלעזר בן יאיר,8, , ,3,2,5,2200,0000, ,,327.5231628417969,98.00450140751984
36678597,1337,יהודה הנשיא,16, , ,2,2,2,2200,0000, ,,488.4745330810547,165.27503494288752
36678598,1337,יהודה הנשיא,14, , ,2,2,2,2200,0000, ,,284.61285400390625,93.50829184933589
36678599,1337,יהודה הנשיא,10, , ,3,2,2,2200,0000, ,,314.6504364013672,85.98816396732593
36678600,1310,אלעזר בן יאיר,6, , ,3,2,2,2200,0000, ,,267.6614227294922,84.84298540294407
36678601,1310,אלעזר בן יאיר,4, , ,3,2,5,2200,0000, ,,348.6259765625,107.43533048955649
36678602,1309,קנאי הגליל,4, , ,2,4,6,2200,0000, ,,499.6356201171875,144.74253528467904
36678603,1309,קנאי הגליל,1, , ,2,1,2,2200,1337,יהודה הנשיא,,245.23509216308594,95.3284476948039
36678604,1309,קנאי הגליל,2, , ,2,2,4,2200,0000, ,,343.39349365234375,95.06461328171612
36678605,1310,אלעזר בן יאיר,2, , ,3,2,5,2200,1337,יהודה הנשיא,,266.0502624511719,68.86667017772139
36678606,1340,ניתאי הארבלי,6, , ,2,1,3,2200,0000, ,,261.64752197265625,99.35599473824323
36678607,1340,ניתאי הארבלי,4, , ,2,1,4,2200,0000, ,,303.3172149658203,74.8384526613524
36678608,1337,יהודה הנשיא,4, , ,2,1,1,2200,0000, ,,325.23101806640625,115.38683883679182
36678609,1340,ניתאי הארבלי,7, , ,1,1,0,2200,0000, ,,370.1343994140625,95.01111854269088
36678610,1335,ברניקי,2, , ,2,2,6,2200,0000, ,,322.89939880371094,95.70974259500245
36678611,1337,יהודה הנשיא,15, , ,3,1,4,2200,0000, ,,226.3536376953125,88.9036474508378
36678612,1337,יהודה הנשיא,13, , ,3,1,4,2200,0000, ,,198.22189331054688,77.78052319557214
36678613,1337,יהודה הנשיא,13, , ,2,1,4,2200,0000, ,,169.57125854492188,54.92917376376812
36678614,1335,ברניקי,10, , ,2,1,1,2200,0000, ,,264.3420715332031,70.57908061668192
36678615,1335,ברניקי,14, , ,3,2,2,2200,0000, ,,263.2341613769531,88.52653204748957
36678616,1335,ברניקי,6, , ,1,1,0,2200,0000, ,,120.97846984863281,47.63310316005832
36678617,1335,ברניקי,8, , ,3,3,3,2200,0000, ,,343.7522277832031,112.66105185738037
36678618,1335,ברניקי,12, , ,2,2,2,2200,0000, ,,225.17282104492188,79.61982452657568
36678619,1335,ברניקי,14, , ,2,2,2,2200,0000, ,,282.17539978027344,114.77485852072493
36678620,1335,ברניקי,18, , ,2,1,0,2200,0000, ,,132.9946746826172,57.01933259910637
36678621,1335,ברניקי,16, , ,2,2,4,2200,0000, ,,287.89549255371094,108.08820122825139
36678622,1337,יהודה הנשיא,1, , ,2,2,0,2200,0000, ,,628.4785003662109,202.97839304340636
36678623,4384,א שיפא,0, , ,1,1,2,2200,0000, ,,128.89144897460938,49.024766413445505
36678624,4398,אל קד'איל,0, , ,1,1,0,2200,0000, ,,201.23623657226562,63.741289082122705
36678625,4398,אל קד'איל,0, , ,1,1,0,2200,0000, ,,156.11000061035156,52.3743308756364
36678626,4398,אל קד'איל,0, , ,1,1,0,2200,0000, ,,176.91439056396484,57.14863743292762
36678627,0000, ,0, , ,1,1,0,2200,0000, ,,269.25272369384766,79.27044500194818
36678628,0000, ,0, , ,1,1,0,2200,0000, ,,250.2195281982422,66.7142484356017
36678629,0000, ,0, , ,1,1,0,2200,0000, ,,261.06292724609375,84.87127326911049
36678630,0000, ,0, , ,1,1,0,2200,0000, ,,241.56761169433594,67.7503299402251
36678631,0000, ,0, , ,1,1,0,2200,0000, ,,236.74121856689453,68.85550050607428
36678632,4384,א שיפא,0, , ,1,1,2,2200,0000, ,,95.70585632324219,49.367409962344624
36678633,4384,א שיפא,0, , ,1,1,2,2200,0000, ,,98.0240478515625,49.520114248999974
36678634,4384,א שיפא,0, , ,2,1,1,2200,0000, ,,55.50640869140625,35.055442710893324
36678635,4384,א שיפא,0, , ,1,1,0,2200,0000, ,,67.99264526367188,41.44039968219437
36678636,0000, ,0, , ,1,1,0,2200,0000, ,,143.9758758544922,60.75093373298221
36678637,1435,דב יוסף,0, , ,2,1,2,2200,0000, ,,150.38031005859375,54.4198852178239
36678638,1435,דב יוסף,0, , ,2,2,3,2200,0000, ,,314.31480407714844,107.75138428260527
36678639,1396,מוריס פישר,19, , ,4,5,40,2200,0000, ,,1157.1273803710938,226.37362025027576
36678640,4398,אל קד'איל,0, , ,2,1,1,2200,0000, ,,193.5546112060547,58.13129734391386
36678641,4398,אל קד'איל,0, , ,2,1,2,2200,0000, ,,438.8115539550781,127.7395751182346
36678642,4398,אל קד'איל,0, , ,2,1,2,2200,0000, ,,231.47467041015625,80.55334576149377
36678643,4285,איחוד הכפר,0, , ,2,2,3,2200,0000, ,,355.7615203857422,90.6837412527229
36678644,4398,אל קד'איל,0, , ,3,1,2,2200,0000, ,,238.06407165527344,76.81831446876097
36678645,4285,איחוד הכפר,0, , ,3,1,2,2200,0000, ,,360.6526184082031,77.8099435166871
